id,title,description,published_at,channel_id,channel_title,views,likes,comments,duration,subscribers,hours_since_upload,views_per_hour,engagement_rate,viral_score,duration_seconds,cluster,title_structure,content_type,pt_br_title,title_variations,suggested_hook,suggested_narrative,suggested_thumbnail,detected_at
ho8nOH-h_Kc,Tiger Se Bachkar Sadiya Ghusi Secret Bamboo House Mein | #bamboohouse #shorts #tigerattack,"Tiger Se Bachkar Sadiya Ghusi Secret Bamboo House Mein
Description:- ek hyper-realistic cinematic jungle survival AI story hai jahan Sadiya ek khatarnak tiger se apni jaan bachate hue ghane jungle ke beech chhupe ek secret bamboo house mein ghus jaati hai. Is suspenseful survival story mein aapko milega tiger chase, jungle escape, hidden bamboo rooms, luxury bamboo interior, indoor pool, bamboo kitchen, tiger-theme bedroom aur intense cinematic adventure jo video ko start se end tak engaging banata hai.

Is AI cinematic video mein Sadiya same locked look mein dangerous jungle ke andar tiger ke attack se bachne ki koshish karti hai, bamboo house ke andar jaakar ek secret survival world discover karti hai, aur room se room aage badhti hai. Har scene mein aapko milega bright jungle atmosphere, realistic bamboo design, hidden luxury interior, tiger tension aur cinematic survival storytelling.

Agar aapko AI survival stories, tiger attack videos, jungle adventure content, secret bamboo house videos, hidden bunker style stories, aur cinematic AI storytelling pasand hai, to video ko Like, Share, Subscribe zaroor karein aur comment mein likhein: Sadiya Survival Power!

 #JungleSurvival #SecretBambooHouse  #HiddenHouse #TigerChase #JungleAdventure #AISurvivalStory #CinematicStory #TigerStory #SecretHouse #HiddenBunker",2026-03-25T02:30:00Z,UCwqCHRSX8WHckuHp3pv2vQg,Shakib Dark Stories,48781,598,2,PT40S,17700,42.3,1153.7,1.23,0.8,40,Focus: Curiosidades / Listas,Estrutura Genérica / Indefinida,Shorts/Tiktok (< 1 min),A Verdade sobre: Tiger Se Bachka...,Por que Tiger Se Bachka mudou tudo... | O Segredo sobre Tiger Se B | Eles esconderam isso: Tiger Se Bac | O pior erro de Tiger Se Bachka | Descubra o mistério de Tiger Se B,Comece com uma afirmação controversa e uma tela preta rápida por 1s.,Suspense progressivo. Crie loops abertos a cada 2 minutos.,Fundo escuro. Rosto focado borrado com olhos ocultos e Seta vermelha minimalista.,2026-03-26 17:47:02
yXW8RVd1EqI,chicken wing chicken wing #sakuraschoolsimulator​ #sakura​#shorts​.,chicken wing chicken wing #sakuraschoolsimulator​ #sakura​#shorts​.,2026-03-25T07:28:12Z,UCD3QrOMomsYe8-ieuTRGF4w,Sakura Dark Stories,38659,146,1,PT10S,1090,37.3,1036.1,0.38,3.61,10,Focus: Curiosidades / Listas,Estrutura Genérica / Indefinida,Shorts/Tiktok (< 1 min),A Verdade sobre: chicken wing ch...,Por que chicken wing ch mudou tudo... | O Segredo sobre chicken wi | Eles esconderam isso: chicken wing | O pior erro de chicken wing ch | Descubra o mistério de chicken wi,Comece com uma afirmação controversa e uma tela preta rápida por 1s.,Suspense progressivo. Crie loops abertos a cada 2 minutos.,Fundo escuro. Rosto focado borrado com olhos ocultos e Seta vermelha minimalista.,2026-03-26 17:47:02
attVy-44EzE,You didn't understand the ending of Dhurandhar 2 | ending explained!,"Dhurandhar 2 ending explained! 
I think you all shouldn't ruin the ending with AI , then you are not only disrespecting the craft and effort of the creators but also didn't understand the real meaning behind that beautiful ending! 

Share this with a friend and also share your thoughts in the comments below 

[Dhurandhar ending explained, Dhurandhar movie ending explained, Dhurandhar ending analysis, Dhurandhar climax explained, Jaskirat Dhurandhar ending explained, Hamza Dhurandhar character analysis, Jaskirat vs Hamza Dhurandhar, Dhurandhar propaganda explained, Dhurandhar real meaning, Dhurandhar hidden meaning, Dhurandhar symbolism explained, Dhurandhar Indian army movie ending, Dhurandhar soldiers who never return home ending, Dhurandhar emotional ending explained, Dhurandhar final scene meaning, Dhurandhar story analysis, Dhurandhar film analysis, Dhurandhar ending beautiful meaning, Dhurandhar war movie analysis, Dhurandhar explanation in English, Dhurandhar full story explained, Dhurandhar movie breakdown, Meaning of Dhurandhar ending, Dhurandhar patriotic ending explained, Dhurandhar Jaskirat character explained]

#ranveersingh #bollywood #dhurandhar #review #movie #ranveer #film #recommended #therevenge #propaganda #pakistan #arijitsingh #bollywood #bollywoodsongs #arijitsinghsongs #dhurandhar2 #dhurandhar #ranveersingh #movie",2026-03-26T04:12:53Z,UC1nkqEeADQO9LfukGyACbBw,Vitamin Pop,22225,684,14,PT55S,23500,16.6,1341.4,3.14,1.79,55,Focus: True Crime / Explicativos,Explanations / Como/Por que,Shorts/Tiktok (< 1 min),A Verdade sobre: You didn't unde...,Por que You didn't unde mudou tudo... | O Segredo sobre You didn't | Eles esconderam isso: You didn't u | O pior erro de You didn't unde | Descubra o mistério de You didn't,Comece com uma afirmação controversa e uma tela preta rápida por 1s.,Suspense progressivo. Crie loops abertos a cada 2 minutos.,Fundo escuro. Rosto focado borrado com olhos ocultos e Seta vermelha minimalista.,2026-03-26 17:47:02
ZHfaAm-Xh2s,"Who really lost in the end, me or thecompany #shorts #redditstories","Who really lost in the end, me or thecompany #shorts #redditstories
Reddit stories #redditstories #shortstory
#storytime #cheatingstory #familydrama
28 4.nl 35
KB/S
Views
1,20,049
10 Mar
#RedditStories #ShortStories #ViralReddit
2026
#AddictiveShorts #FunnyReddit
Reddit stories, short Reddit stories, viral Reddit
stories, Reddit drama, funny Reddit stories,
emotional Reddit stories, Reddit confessions, Reddit
reactions, Reddit short videos, Reddit shorts, Reddit
storytelling, Reddit moments, quick stories, addictive
stories, storytime shorts, short story videos, USA
Reddit shorts, trending Reddit videos, binge-worthy
stories, shocking Reddit stories
#Storytime #RedditDrama #EmotionalStories
X
X
#QuickEntertainment #BingeWorthy #USAContent
#RedditConfessions #Shorts",2026-03-25T03:10:12Z,UCo-Emqst7Urfor1AZboD30w,RedditSmooth,11191,321,2,PT2M35S,840,41.6,268.9,2.89,9.23,155,Focus: Curiosidades / Listas,Estrutura Genérica / Indefinida,Medium Form (1-10 min),A Verdade sobre: Who really lost...,Por que Who really lost mudou tudo... | O Segredo sobre Who really | Eles esconderam isso: Who really l | O pior erro de Who really lost | Descubra o mistério de Who really,Comece com uma afirmação controversa e uma tela preta rápida por 1s.,Suspense progressivo. Crie loops abertos a cada 2 minutos.,Fundo escuro. Rosto focado borrado com olhos ocultos e Seta vermelha minimalista.,2026-03-26 17:47:02
ufHhjM8aQJs,Planet Evaporation: How Long Will It Take?,"#fyp 
#shorts 
#youtubeshorts 
#solarsystem 
#trendingshorts 
Welcome to my channel 🔥  
This video is a dark horror animation inspired by cosmic and mysterious stories.
horror animation
cosmic horror
dark animation
scary animation
creepy animation
3d animation
cgi animation
ai animation

@SolarBalls  
 @mrfriendhorror  
 @MrSpherical  
all the moon wakes up in solarballs style episodes 1 to 7

Sound Effect by DRAGON-STUDIO from Pixabay

Solarballs soundtrack- Anton Zakharenko
Horror Animation, Cosmic Horror, The Moon animation, MrFriend, SolarBalls, 3D horror, scary story


The Moon Wakes up in solarballs 9.0
 @SolarBalls   @mrfriendhorror   @MrSpherical 

The moon is waking up... and the universe will never be the same!
Dive into The Moon Wakes Up, an original animated series by Susballs, where planets come alive, stars talk, and cosmic adventures unfold across the galaxy 🚀🌌
🌕 A mix of space, emotion, and imagination — perfect for animation lovers and dreamers alike.
🎬 New episodes every week only on Susballs!",2026-03-25T20:00:46Z,UCg5ueZANC2d1AnyXanDvEHA,susballs,340879,3058,94,PT31S,65400,24.8,13761.4,0.92,1.95,31,Focus: True Crime / Explicativos,Estrutura Genérica / Indefinida,Shorts/Tiktok (< 1 min),A Verdade sobre: Planet Evaporat...,Por que Planet Evaporat mudou tudo... | O Segredo sobre Planet Eva | Eles esconderam isso: Planet Evapo | O pior erro de Planet Evaporat | Descubra o mistério de Planet Eva,Comece com uma afirmação controversa e uma tela preta rápida por 1s.,Suspense progressivo. Crie loops abertos a cada 2 minutos.,Fundo escuro. Rosto focado borrado com olhos ocultos e Seta vermelha minimalista.,2026-03-26 17:47:02
ybhuBo3MqwI,chicken wing chicken wing #sakuraschoolsimulator​ #sakura​#shorts​.,chicken wing chicken wing #sakuraschoolsimulator​ #sakura​#shorts​.,2026-03-25T15:37:41Z,UCD3QrOMomsYe8-ieuTRGF4w,Sakura Dark Stories,31612,133,0,PT10S,1090,29.2,1084.3,0.42,4.18,10,Focus: Curiosidades / Listas,Estrutura Genérica / Indefinida,Shorts/Tiktok (< 1 min),A Verdade sobre: chicken wing ch...,Por que chicken wing ch mudou tudo... | O Segredo sobre chicken wi | Eles esconderam isso: chicken wing | O pior erro de chicken wing ch | Descubra o mistério de chicken wi,Comece com uma afirmação controversa e uma tela preta rápida por 1s.,Suspense progressivo. Crie loops abertos a cada 2 minutos.,Fundo escuro. Rosto focado borrado com olhos ocultos e Seta vermelha minimalista.,2026-03-26 17:47:02
G50wTKbtxGA,Mi perro POLICÍA retirado DESCUBRIÓ algo en la casa del vecino que ME HIZO LLAMAR AL 911.,"📖 Historias impactantes inspiradas en Reddit, contadas de forma intensa y envolvente.

Algunos detalles como nombres, edades o situaciones pueden ser modificados para mejorar la narrativa.

⚠️ Este contenido se publica únicamente con fines de entretenimiento.

👀 Si llegaste hasta aquí, ya eres parte de la comunidad.

👉Suscríbete ahora y activa la campanita para no perderte la próxima.

💬 Déjame en comentarios qué harías tú en esta situación, quiero leerte en la próxima historia.

#historiasdereddit #historiasreales #reddit #redditespañol #shorts #youtubeshorts",2026-03-25T20:00:00Z,UCeoaydffQmwi5_lbmj3GO6A,El Tipo de Reddit,169256,12520,25,PT2M55S,22700,24.8,6829.4,7.41,22.3,175,Focus: True Crime / Explicativos,Estrutura Genérica / Indefinida,Medium Form (1-10 min),A Verdade sobre: Mi perro POLICÍ...,Por que Mi perro POLICÍ mudou tudo... | O Segredo sobre Mi perro P | Eles esconderam isso: Mi perro POL | O pior erro de Mi perro POLICÍ | Descubra o mistério de Mi perro P,Comece com uma afirmação controversa e uma tela preta rápida por 1s.,Suspense progressivo. Crie loops abertos a cada 2 minutos.,Fundo escuro. Rosto focado borrado com olhos ocultos e Seta vermelha minimalista.,2026-03-26 17:47:02
K9PrYsr8zi0,Grandma Asked Why I Was Renting When She’d Given Me A House. Then… Reddit Family Stories,#redditstories   #askreddit   #redditfamily   #redditstories,2026-03-25T13:00:00Z,UC4SRLHqgPqRIJBZf8ZYGX-Q,AITAH Confessions,22142,834,1,PT36S,26100,31.8,696.7,3.77,1.01,36,Focus: True Crime / Explicativos,This man/person...,Shorts/Tiktok (< 1 min),A Verdade sobre: Grandma Asked W...,Por que Grandma Asked W mudou tudo... | O Segredo sobre Grandma As | Eles esconderam isso: Grandma Aske | O pior erro de Grandma Asked W | Descubra o mistério de Grandma As,Comece com uma afirmação controversa e uma tela preta rápida por 1s.,Suspense progressivo. Crie loops abertos a cada 2 minutos.,Fundo escuro. Rosto focado borrado com olhos ocultos e Seta vermelha minimalista.,2026-03-26 17:47:02
7LkhLyK9t60,My Wife Inherited Her Late Father’s Estate And Kicked Me Out. Until… Reddit Relationship Stories,#redditstories   #askreddit   #redditfamily   #redditstories,2026-03-25T15:00:00Z,UC4SRLHqgPqRIJBZf8ZYGX-Q,AITAH Confessions,11070,0,0,PT35S,26100,29.8,371.7,0.0,0.0,35,Focus: True Crime / Explicativos,Estrutura Genérica / Indefinida,Shorts/Tiktok (< 1 min),A Verdade sobre: My Wife Inherit...,Por que My Wife Inherit mudou tudo... | O Segredo sobre My Wife In | Eles esconderam isso: My Wife Inhe | O pior erro de My Wife Inherit | Descubra o mistério de My Wife In,Comece com uma afirmação controversa e uma tela preta rápida por 1s.,Suspense progressivo. Crie loops abertos a cada 2 minutos.,Fundo escuro. Rosto focado borrado com olhos ocultos e Seta vermelha minimalista.,2026-03-26 17:47:02
72JEiq1ePTw,My Attempt to Help a Lost Girl Backfired Badly | Reddit Stories,"Bg video by @AmauryGuichonChef
Please check him out
.
.
.
#RedditStories
#TrueStory
#RedditSecrets
#FunnyReddit
#RedditConfessions
#StoryTime
#RedditDrama
#ViralStories
#RedditHumor
#Storytelling",2026-03-25T22:51:48Z,UCXmtydQx7Vnrct8sLxa0jPA,ReaderBlue ,16884,872,7,PT3M,2810,21.9,770.3,5.21,14.27,180,Focus: True Crime / Explicativos,Estrutura Genérica / Indefinida,Medium Form (1-10 min),A Verdade sobre: My Attempt to H...,Por que My Attempt to H mudou tudo... | O Segredo sobre My Attempt | Eles esconderam isso: My Attempt t | O pior erro de My Attempt to H | Descubra o mistério de My Attempt,Comece com uma afirmação controversa e uma tela preta rápida por 1s.,Suspense progressivo. Crie loops abertos a cada 2 minutos.,Fundo escuro. Rosto focado borrado com olhos ocultos e Seta vermelha minimalista.,2026-03-26 17:47:02
uND6XDCC3jU,Top 10 Passing cards 🥶🤯 #fcmobile,credit- Madridistaafc,2026-03-26T12:48:58Z,UC2u3-xNV_7BE5z4VU9mZNaA,XD_GAMERZ1,53092,643,38,PT6S,42900,8.0,6663.8,1.28,1.99,6,Focus: True Crime / Explicativos,Top 10 / Listas,Shorts/Tiktok (< 1 min),A Verdade sobre: Top 10 Passing ...,Por que Top 10 Passing  mudou tudo... | O Segredo sobre Top 10 Pas | Eles esconderam isso: Top 10 Passi | O pior erro de Top 10 Passing  | Descubra o mistério de Top 10 Pas,Comece com uma afirmação controversa e uma tela preta rápida por 1s.,Suspense progressivo. Crie loops abertos a cada 2 minutos.,Fundo escuro. Rosto focado borrado com olhos ocultos e Seta vermelha minimalista.,2026-03-26 17:47:02
wkSdlxORHlc,KUNWARI DULHAN | Horror Podcast Show | Scary Kahani | Animated Stories,"KUNWARI DULHAN | Horror Podcast Show | Scary Kahani | Animated Stories
**Kunwari Dulhan – Ek Sachchi Darawni Kahani 😨👰‍♀️**
**कुंवारी दुल्हन – एक डरावनी कहानी 👰‍♀️😨**

एक सुनसान रात में लोगों ने एक दुल्हन को देखा… लाल जोड़े में… लेकिन फटे हुए कपड़ों और डरावने चेहरे के साथ। कहते हैं वो कोई इंसान नहीं, बल्कि एक **कुंवारी दुल्हन की आत्मा** है, जो अपने अधूरे सपनों और धोखे का बदला लेने वापस आई है।

क्या आप सच जानने की हिम्मत रखते हैं? 👁️


Raat ka samay tha… sadak bilkul sunsaan… hawa mein ek ajeeb si thandak thi, jaise koi anjaani cheez aas-paas ho. Tabhi kisi ne use dekha… ek dulhan… laal joda pehne hue… lekin uska lehenga phata hua tha, aur chehre par gehri chot ke nishaan…

Log kehte hain… wo koi aam dulhan nahi thi…
wo thi **Kunwari Dulhan** — ek aisi aatma jo apni adhuri shaadi aur dhokhe ka badla lene wapas aayi hai.

Is kahani mein aap dekhenge:
👉 Kaise ek khush dulhan ki zindagi ek raat mein barbaad ho gayi
👉 Kaunsa raaz usse maut ke baad bhi chain se rehne nahi deta
👉 Aur kyun har aadmi jo usse milta hai… kabhi wapas nahi aata…

Yeh sirf ek kahani nahi… logon ka kehna hai ki yeh haqeeqat hai.
Agar aap himmat rakhte ho… toh poori video dekho… lekin ek baat yaad rakhna…
**raat ke baad akela mat nikalna… 👁️**

🔥 Agar aapko horror stories pasand hain, toh video ko LIKE karein, SHARE karein aur CHANNEL ko SUBSCRIBE zaroor karein!

#KunwariDulhan #HorrorStory #IndianHorror #RealGhostStory #DarawniKahani #BhootKiKahani #ScaryStories



#blackmagic  #shakchunni #scarypumpkinnewstory #Scarypumpkin #HorrorStories #khidki  #hauntedhouse #entertainment #animation #Postmortem #HindiStories #ghost #ChudailKiKahaniya #StoriesinHindi #HauntedStories #HindiKahaniya #Hauntedroad #LatestHindiStories #Kahaniya #Kahani #HindiKahaniya #Story #HorrorStories #SuspenseStories #EntertainingVideos #FunnyShortStories #horrorstoryhindi #crimestory #chudail #pishach #pishachini #karnapishachini #paranormalactivities #Bhutiyaghar #chudel #Hindi Stories #Latestkahaniya #Story #Stories  #Horror Stories #Funny Stories #bloodymaryeditaudio ------------------------------------------------------------------BLACK MAGIC Horror Story | scary pumpkin | horror Story | Scary pumpkin 🎃 new story | horror animated stories | animated horror stories | animated horror stories in hindi | bhutiya kahani | bhutiya cartoon | bhutiya story | haunted story | dayan | dayan ki kahani | bhoot | bhoot wala cartoon | ghost stories | horror stories in hindi | darawani kahaniya | story | darawni kahaniya | horror movie | Bhutiya Train| Haunted Train",2026-03-26T08:16:37Z,UCvPHg4zEDCPrL3CvQD3dK4g,Scary Kahani,28500,222,25,PT15M53S,3810,12.5,2278.8,0.87,5.18,953,Focus: True Crime / Explicativos,Estrutura Genérica / Indefinida,Long Form / Storytelling (> 10 min),A Verdade sobre: KUNWARI DULHAN ...,Por que KUNWARI DULHAN  mudou tudo... | O Segredo sobre KUNWARI DU | Eles esconderam isso: KUNWARI DULH | O pior erro de KUNWARI DULHAN  | Descubra o mistério de KUNWARI DU,Comece com uma afirmação controversa e uma tela preta rápida por 1s.,Suspense progressivo. Crie loops abertos a cada 2 minutos.,Fundo escuro. Rosto focado borrado com olhos ocultos e Seta vermelha minimalista.,2026-03-26 17:47:02
Zk7kz6aThY0,hello scp-096 in garry's mod Part_130  #scp096 #Gmod,"Welcome to SCP 096 – The ultimate destination for SCP horror content, scary stories, and intense gameplay.

In this video, you will experience one of the most terrifying SCP encounters and mysterious horror moments. If you enjoy creepy creatures, dark experiments, and thrilling SCP gameplay, this video is perfect for you.

⚠️ Watch till the end for the full horror experience!

🔥 On This Channel You Will Find:
✔ SCP Horror Stories
✔ SCP Gameplay & Experiments
✔ Creepy Mystery Content
✔ Horror Short Videos
✔ Scary Gaming Moments

👁️ About SCP 096
SCP-096, also known as ""The Shy Guy"", is one of the most dangerous and mysterious SCP creatures known for its terrifying behavior and unstoppable rage once someone looks at its face.

👍 If you enjoy SCP horror content, don’t forget to:
• Like the video
• Subscribe to the channel
• Turn on notifications 🔔
• Share with your friends",2026-03-26T06:00:22Z,UCAFgfQ5Xkx_SMxSpSv7uGPw,Scp 096,67819,506,2,PT46S,27900,14.8,4589.4,0.75,1.23,46,Focus: True Crime / Explicativos,Estrutura Genérica / Indefinida,Shorts/Tiktok (< 1 min),A Verdade sobre: hello scp-096 i...,Por que hello scp-096 i mudou tudo... | O Segredo sobre hello scp- | Eles esconderam isso: hello scp-09 | O pior erro de hello scp-096 i | Descubra o mistério de hello scp-,Comece com uma afirmação controversa e uma tela preta rápida por 1s.,Suspense progressivo. Crie loops abertos a cada 2 minutos.,Fundo escuro. Rosto focado borrado com olhos ocultos e Seta vermelha minimalista.,2026-03-26 17:47:02
w12sHVAHovY,Top 10 LW Crossing 😱🤯 #fcmobile,credit- Madridistaafc,2026-03-26T14:08:55Z,UC2u3-xNV_7BE5z4VU9mZNaA,XD_GAMERZ1,41337,446,14,PT6S,42900,6.6,6230.4,1.11,1.62,6,Focus: True Crime / Explicativos,Top 10 / Listas,Shorts/Tiktok (< 1 min),A Verdade sobre: Top 10 LW Cross...,Por que Top 10 LW Cross mudou tudo... | O Segredo sobre Top 10 LW  | Eles esconderam isso: Top 10 LW Cr | O pior erro de Top 10 LW Cross | Descubra o mistério de Top 10 LW ,Comece com uma afirmação controversa e uma tela preta rápida por 1s.,Suspense progressivo. Crie loops abertos a cada 2 minutos.,Fundo escuro. Rosto focado borrado com olhos ocultos e Seta vermelha minimalista.,2026-03-26 17:47:02
pq0EmBTtIOE,hello scp-096 in garry's mod Part_ 131 #scp096 #Gmod,"Welcome to SCP 096 – The ultimate destination for SCP horror content, scary stories, and intense gameplay.

In this video, you will experience one of the most terrifying SCP encounters and mysterious horror moments. If you enjoy creepy creatures, dark experiments, and thrilling SCP gameplay, this video is perfect for you.

⚠️ Watch till the end for the full horror experience!

🔥 On This Channel You Will Find:
✔ SCP Horror Stories
✔ SCP Gameplay & Experiments
✔ Creepy Mystery Content
✔ Horror Short Videos
✔ Scary Gaming Moments

👁️ About SCP 096
SCP-096, also known as ""The Shy Guy"", is one of the most dangerous and mysterious SCP creatures known for its terrifying behavior and unstoppable rage once someone looks at its face.

👍 If you enjoy SCP horror content, don’t forget to:
• Like the video
• Subscribe to the channel
• Turn on notifications 🔔
• Share with your friends",2026-03-26T10:01:19Z,UCAFgfQ5Xkx_SMxSpSv7uGPw,Scp 096,59489,404,2,PT48S,27900,10.8,5528.0,0.68,1.35,48,Focus: True Crime / Explicativos,Estrutura Genérica / Indefinida,Shorts/Tiktok (< 1 min),A Verdade sobre: hello scp-096 i...,Por que hello scp-096 i mudou tudo... | O Segredo sobre hello scp- | Eles esconderam isso: hello scp-09 | O pior erro de hello scp-096 i | Descubra o mistério de hello scp-,Comece com uma afirmação controversa e uma tela preta rápida por 1s.,Suspense progressivo. Crie loops abertos a cada 2 minutos.,Fundo escuro. Rosto focado borrado com olhos ocultos e Seta vermelha minimalista.,2026-03-26 17:47:02
56q-FYSTNy8,(Part-1)❤️|| Jr.NTR top 10 hit songs||❤️Ntr songs Telugu #shorts #ntr #jrntr #telugusongs #lovesong,,2026-03-25T01:30:03Z,UCrUSm_nwrkY7mQoT76H2fGQ,Mahi Naidu Edits,18232,1945,51,PT1M17S,10100,43.6,418.4,10.95,4.53,77,Focus: True Crime / Explicativos,Top 10 / Listas,Medium Form (1-10 min),A Verdade sobre: (Part-1)❤️|| Jr...,Por que (Part-1)❤️|| Jr mudou tudo... | O Segredo sobre (Part-1)❤️ | Eles esconderam isso: (Part-1)❤️|| | O pior erro de (Part-1)❤️|| Jr | Descubra o mistério de (Part-1)❤️,Comece com uma afirmação controversa e uma tela preta rápida por 1s.,Suspense progressivo. Crie loops abertos a cada 2 minutos.,Fundo escuro. Rosto focado borrado com olhos ocultos e Seta vermelha minimalista.,2026-03-26 18:04:33
s4M0HB8aMLs,"Все знали, но молчали. Дело Лизы Пылаевой. True Crime","Про дело Лизы Пылаевой знают далеко за пределами Казахстана. В 2019 году девочки не стало, и даже сегодня в 2026 году до сих пор неизвестно, что именно тогда произошло. Это был обычный день 12 мая, когда отцу Лизы сообщили, что ее больше нет. Большой дом, большая семья - и все они либо молчат, либо списывают обстоятельства на несчастный случай. Но что на самом деле скрывают фигуранты дела? Почему спустя 7 лет никто так и не попал за решетку, хотя несчастный случай не был доказан? Попробуем разобраться",2026-03-25T11:00:06Z,UCX6NibGY-Ad0HTyl6sQjc3g,Crime Labyrinth,14999,592,110,PT21M,8730,34.1,440.2,4.68,2.36,1260,Focus: True Crime / Explicativos,Estrutura Genérica / Indefinida,Long Form / Storytelling (> 10 min),"A Verdade sobre: Все знали, но м...","Por que Все знали, но м mudou tudo... | O Segredo sobre Все знали, | Eles esconderam isso: Все знали, н | O pior erro de Все знали, но м | Descubra o mistério de Все знали,",Comece com uma afirmação controversa e uma tela preta rápida por 1s.,Suspense progressivo. Crie loops abertos a cada 2 minutos.,Fundo escuro. Rosto focado borrado com olhos ocultos e Seta vermelha minimalista.,2026-03-26 18:04:33
K7pRkxgCDUM,TOP 10 FILTROS SOLARES PARA PELES OLEOSAS! #peleoleosa #pelemista,"🏆 TOP 10 FILTROS SOLARES PARA PELES OLEOSAS! 🐻💦

Gatinha, como diria o meu amigo Jardel: ""esse sebo no meu rosto, não!"" 🤣 Está na dúvida sobre qual protetor solar comprar para controlar a oleosidade do seu rosto o dia todo?

🤩 Hoje o Dr. Ursinho preparou um TOP 10 mega sincero pensando em custo-benefício, espalhabilidade, se arde o olho, se não fica preguento e se não deixa aquela película esbranquiçada!

👉🏽 Tem desde o nosso amado ""baratinho"" de farmácia (que é o preferido da Grazi Massafera!), passa pelas inovações do K-Beauty e também por algumas opções super tecnológicas da gringa. O 1º lugar vai te surpreender! 😱

🎟️ Cupons e IDs de alguns produtos do vídeo (links na Bio) 🎟️

PS-01 da Principia 💜

🔥 ❤️ AMORRR! O CUPOM SECRETO DA PRINCIPIA AINDA ESTÁ ATIVO 🔥❤️
(por tempo indeterminado)

🏷️😍 Use o DRURSINHOCLIENTE26 para Ganhar 15% OFF na compra de 3 itens ou +
✅ Use DRURSINHO (10% OFF em 3+ itens) ou DRURSINHO5 (5% OFF em 2+ itens)

FILTROS SOLARES COREANOS 🤩

🇰🇷 Protetor Solar da Skin 1004
🆔 CDZ-KFR-WHW

🇰🇷 Beauty of Joseon Rice + Probiotics
🆔 APR-HYB-JJL

🇰🇷 Protetor Solar da Round Lab
🆔 BXL-KYG-BXB

🔥 Para os produtos com IDs, é só colar o código na pesquisa da Shopee ou acessar direto a minha Lojinha da Shopee pelo link na Bio! Os produtos vêm direto da Coreia e são originais! 🥰

👇🏽 Carinhosa, achou a lista polêmica? Me conta aqui nos comentários: qual é o SEU protetor solar sequinho favorito da vida? Quero saber! E já compartilha esse vídeo com o filho, namorado ou aquela amiga que tem a pele oleosa e precisa ser salva! ❤️😘

 #protetorsolar #filtrosolar #kbeauty",2026-03-24T21:31:19Z,UCFuRkKcZXL6TEriPPQdB0Ag,Dr Ursinho Carinhoso,13692,1497,54,PT2M25S,58900,47.6,287.9,11.33,0.55,145,Focus: True Crime / Explicativos,Top 10 / Listas,Medium Form (1-10 min),A Verdade sobre: TOP 10 FILTROS ...,Por que TOP 10 FILTROS  mudou tudo... | O Segredo sobre TOP 10 FIL | Eles esconderam isso: TOP 10 FILTR | O pior erro de TOP 10 FILTROS  | Descubra o mistério de TOP 10 FIL,Comece com uma afirmação controversa e uma tela preta rápida por 1s.,Suspense progressivo. Crie loops abertos a cada 2 minutos.,Fundo escuro. Rosto focado borrado com olhos ocultos e Seta vermelha minimalista.,2026-03-26 18:04:33
1w-WLKKjEV0,Top 10 Danger girl's birth month 😎🖤💪🏻,,2026-03-26T06:41:50Z,UCWQ54KmwF5ecMigCYQ3wDEQ,queen Kinjal ,29031,947,49,PT36S,87200,14.4,2019.1,3.43,0.79,36,Focus: True Crime / Explicativos,Top 10 / Listas,Shorts/Tiktok (< 1 min),A Verdade sobre: Top 10 Danger g...,Por que Top 10 Danger g mudou tudo... | O Segredo sobre Top 10 Dan | Eles esconderam isso: Top 10 Dange | O pior erro de Top 10 Danger g | Descubra o mistério de Top 10 Dan,Comece com uma afirmação controversa e uma tela preta rápida por 1s.,Suspense progressivo. Crie loops abertos a cada 2 minutos.,Fundo escuro. Rosto focado borrado com olhos ocultos e Seta vermelha minimalista.,2026-03-26 18:04:33
BpkpApo_79U,Top 10 Forgotten Disco Hits  #disco  #70smusic  #throwback #shorts #nostalgia  #music #discomusic,"🪩 These disco jams OWNED the dancefloor in the 70s — and they still go HARD! 
🕺 Do you remember dancing to these?

🎶 Top 10 Forgotten Disco Hits That Ruled the Dancefloor:
💃 #10 – Boogie Nights – Heatwave
💃 #9 – Get Down Tonight – KC and the Sunshine Band
💃 #8 – Best of My Love – The Emotions
💃 #7 – Got to Be Real – Cheryl Lynn
💃 #6 – Turn the Beat Around – Vicki Sue Robinson
💃 #5 – Shake Your Groove Thing – Peaches & Herb
💃 #4 – Heaven Must Be Missing an Angel – Tavares
💃 #3 – Dance Dance Dance – Chic
💃 #2 – Don't Leave Me This Way – Thelma Houston
💃 #1 – The Hustle – Van McCoy

Which one had YOU on the dancefloor? 🕺 Drop your answer in the comments! 👇

🔔 Subscribe for more 70s disco classics, forgotten hits & dancefloor memories!


#DiscoMusic #70sMusic #ForgottenHits #DancefloorClassics #RetroVibes #70sNostalgia #discoera",2026-03-25T21:00:19Z,UCGrCiiiVvPQ5xYGCKl9FvNg,Decade Legends,14096,1116,27,PT1M36S,21200,24.1,585.6,8.11,2.24,96,Focus: True Crime / Explicativos,Top 10 / Listas,Medium Form (1-10 min),A Verdade sobre: Top 10 Forgotte...,Por que Top 10 Forgotte mudou tudo... | O Segredo sobre Top 10 For | Eles esconderam isso: Top 10 Forgo | O pior erro de Top 10 Forgotte | Descubra o mistério de Top 10 For,Comece com uma afirmação controversa e uma tela preta rápida por 1s.,Suspense progressivo. Crie loops abertos a cada 2 minutos.,Fundo escuro. Rosto focado borrado com olhos ocultos e Seta vermelha minimalista.,2026-03-26 18:04:33
cHi0K4H6hao,Top 10 most Followed people in the world 📈 #football #instagram #ytshorts #fypシ゚viral,,2026-03-26T08:16:40Z,UCcPmil1SQ92kvRBhXCww8Ow,AceFcpro,38651,1704,48,PT36S,1890,12.8,3020.2,4.53,72.4,36,Focus: True Crime / Explicativos,Top 10 / Listas,Shorts/Tiktok (< 1 min),A Verdade sobre: Top 10 most Fol...,Por que Top 10 most Fol mudou tudo... | O Segredo sobre Top 10 mos | Eles esconderam isso: Top 10 most  | O pior erro de Top 10 most Fol | Descubra o mistério de Top 10 mos,Comece com uma afirmação controversa e uma tela preta rápida por 1s.,Suspense progressivo. Crie loops abertos a cada 2 minutos.,Fundo escuro. Rosto focado borrado com olhos ocultos e Seta vermelha minimalista.,2026-03-26 18:04:33
U8N-G4KJ8Wk,Top 10 busiest airports in the world #top10 #busiestairport #top10facts #travel #top10cities,,2026-03-25T15:54:00Z,UC5qJ8AW6kn3bu0YrplNno2g,XZ Satish official,12271,339,4,PT38S,86200,29.2,420.6,2.8,0.14,38,Focus: True Crime / Explicativos,Top 10 / Listas,Shorts/Tiktok (< 1 min),A Verdade sobre: Top 10 busiest ...,Por que Top 10 busiest  mudou tudo... | O Segredo sobre Top 10 bus | Eles esconderam isso: Top 10 busie | O pior erro de Top 10 busiest  | Descubra o mistério de Top 10 bus,Comece com uma afirmação controversa e uma tela preta rápida por 1s.,Suspense progressivo. Crie loops abertos a cada 2 minutos.,Fundo escuro. Rosto focado borrado com olhos ocultos e Seta vermelha minimalista.,2026-03-26 18:04:33
VQQmRfIje_A,"My Father Demanded $15K in “Rent” — A Week Later, They Needed Me","My Father Demanded $15K in “Rent” — A Week Later, They Needed Me
What happens when a father demands $15,000 in fake “back rent” from the daughter who once helped save the family home? This intense reddit story delivers one of those unforgettable revenge stories where betrayal, manipulation, and hidden financial secrets collide. As the truth unravels, this family revenge tale reveals how quickly love can turn transactional when favoritism and greed take over. Perfect for fans of family stories packed with emotional tension, shocking receipts, and satisfying consequences, this revenge story shows that sometimes the strongest comeback is not revenge in anger—but letting the truth speak for itself.

The lesson from the story
This story reminds us that real strength comes from self-respect, wisdom, and the courage to set healthy boundaries. Family should be built on care, honesty, and accountability, not control or humiliation. One of the most valuable lessons in life is that education is not only found in school, but also in the knowledge we gain through hardship, reflection, and personal growth. Useful knowledge teaches us to protect our peace, make thoughtful decisions, and respond with dignity instead of anger. Let this video encourage you to value learning, emotional intelligence, and character, because those qualities can guide you toward a stronger and better future.

POV: From my perspective, this story is not just about revenge—it is about dignity, boundaries, and finally refusing to carry a burden that was never yours to begin with. What makes it so powerful is that the main character did not fight with cruelty, but with truth, patience, and self-respect. Sometimes the hardest lesson in family stories is realizing that love should never be used as a tool for guilt, control, or humiliation. In the end, this story shows that protecting your peace is not selfish—it is necessary. What would you have done in her position: forgiven them, helped them again, or walked away for good?
► ABOUT US
Revenge Grape is a channel about family revenge stories, best revenge stories, revenge stories, family stories, betrayal stories
#revenge #revengestories #familydrama #RevengeGrape
───────
⚠️ Content Disclaimer

The stories presented on this channel are inspired by real-life experiences shared on public platforms such as Reddit and other online forums. These narratives are thoughtfully adapted and reimagined for storytelling purposes. Characters, situations, and settings may be fictional, altered, or generated using AI.

This content is created to deliver positive messages, emotional insight, and meaningful reflection, while making the stories more accessible and engaging for viewers. Any resemblance to real persons (living or deceased), names, or organizations is purely coincidental.

We do not claim to represent real individuals or specific companies. Viewer discretion is advised. We encourage respectful discussion and thank you for supporting our creative work.",2026-03-25T15:58:56Z,UCWYZeETabD5yAoETrpgki5w,Revenge Grape,33675,2503,89,PT35M53S,1870,29.1,1157.5,7.7,47.62,2153,Focus: True Crime / Explicativos,Estrutura Genérica / Indefinida,Long Form / Storytelling (> 10 min),A Verdade sobre: My Father Deman...,Por que My Father Deman mudou tudo... | O Segredo sobre My Father  | Eles esconderam isso: My Father De | O pior erro de My Father Deman | Descubra o mistério de My Father ,Comece com uma afirmação controversa e uma tela preta rápida por 1s.,Suspense progressivo. Crie loops abertos a cada 2 minutos.,Fundo escuro. Rosto focado borrado com olhos ocultos e Seta vermelha minimalista.,2026-03-26 18:04:33
eWV5kAyFYFE,Top 10 cute I phone cover ❤️😘🥰#trendingshorts #viralshort #shortsfeed #style #fashion,,2026-03-26T00:29:16Z,UCdJZB0ivtA-ENi_z1dltfHQ,jhumka wale ,58456,2126,37,PT28S,15100,20.6,2839.4,3.7,6.96,28,Focus: True Crime / Explicativos,Top 10 / Listas,Shorts/Tiktok (< 1 min),A Verdade sobre: Top 10 cute I p...,Por que Top 10 cute I p mudou tudo... | O Segredo sobre Top 10 cut | Eles esconderam isso: Top 10 cute  | O pior erro de Top 10 cute I p | Descubra o mistério de Top 10 cut,Comece com uma afirmação controversa e uma tela preta rápida por 1s.,Suspense progressivo. Crie loops abertos a cada 2 minutos.,Fundo escuro. Rosto focado borrado com olhos ocultos e Seta vermelha minimalista.,2026-03-26 18:04:33
jcNssHbryWs,top 10 latest beautiful partywear trending lehnga #short #shortvideo #trending #trendingvideo #short,,2026-03-26T05:30:23Z,UCKPBw6Ru-ucb93Eo6egnlbQ,fashion hub,28442,804,0,PT13S,3370,15.6,1826.8,2.83,15.32,13,Focus: True Crime / Explicativos,Top 10 / Listas,Shorts/Tiktok (< 1 min),A Verdade sobre: top 10 latest b...,Por que top 10 latest b mudou tudo... | O Segredo sobre top 10 lat | Eles esconderam isso: top 10 lates | O pior erro de top 10 latest b | Descubra o mistério de top 10 lat,Comece com uma afirmação controversa e uma tela preta rápida por 1s.,Suspense progressivo. Crie loops abertos a cada 2 minutos.,Fundo escuro. Rosto focado borrado com olhos ocultos e Seta vermelha minimalista.,2026-03-26 18:04:33
osglvWzwUnw,TOP 10 BIGGEST Roblox Groups.. 🤔😰,"#roblox #robloxshorts 

What is Roblox? ROBLOX is an online virtual playground and workshop, where kids of all ages can safely interact, create, have fun, and learn. It's unique in that practically everything on ROBLOX is designed and constructed by members of the community.
ROBLOX is designed for 13 to 18 year olds, but it is open to people of all ages. Each player starts by choosing an avatar and giving it an identity. They can then explore
ROBLOX — interacting with others by chatting, playing games, or collaborating on creative projects. piece of undeveloped real estate along with a virtual toolbox with which to design and build anything
— be it a navigable skyscraper, a working helicopter, a giant pinball machine, a multiplayer ""Capture the Flag"" game or some other, yet-to-be-dreamed-up creation. There is no cost for this first plot of virtual land. By participating and by building cool stuff, ROBLOX members can earn specialty badges as well as ROBLOX dollars
(""Robux""). In turn, they can shop the online catalog to purchase avatar clothing accessories as well as premium building materials, interactive components, and working mechanisms.",2026-03-26T16:28:29Z,UCn1IjWgX8zOQ1zWV0siq9bA,Puddles,32875,416,8,PT22S,73700,4.6,7145.7,1.29,1.25,22,Focus: True Crime / Explicativos,Top 10 / Listas,Shorts/Tiktok (< 1 min),A Verdade sobre: TOP 10 BIGGEST ...,Por que TOP 10 BIGGEST  mudou tudo... | O Segredo sobre TOP 10 BIG | Eles esconderam isso: TOP 10 BIGGE | O pior erro de TOP 10 BIGGEST  | Descubra o mistério de TOP 10 BIG,Comece com uma afirmação controversa e uma tela preta rápida por 1s.,Suspense progressivo. Crie loops abertos a cada 2 minutos.,Fundo escuro. Rosto focado borrado com olhos ocultos e Seta vermelha minimalista.,2026-03-26 18:04:33
_52MAnfx2jM,Top 10 beautiful ladies har 😘❤️🎀#style #fashion #viralshorts #shortsfeed #youtube,,2026-03-25T00:25:29Z,UCdJZB0ivtA-ENi_z1dltfHQ,jhumka wale ,28789,891,7,PT17S,15100,44.7,644.8,3.12,1.33,17,Focus: True Crime / Explicativos,Top 10 / Listas,Shorts/Tiktok (< 1 min),A Verdade sobre: Top 10 beautifu...,Por que Top 10 beautifu mudou tudo... | O Segredo sobre Top 10 bea | Eles esconderam isso: Top 10 beaut | O pior erro de Top 10 beautifu | Descubra o mistério de Top 10 bea,Comece com uma afirmação controversa e uma tela preta rápida por 1s.,Suspense progressivo. Crie loops abertos a cada 2 minutos.,Fundo escuro. Rosto focado borrado com olhos ocultos e Seta vermelha minimalista.,2026-03-26 18:04:33
obuhhxg2eSo,do NOT click the sound....,"like and subscribe for more reddit stories!

we spend hours getting out daily uploads we hope you enjoy the content!",2026-03-26T03:53:03Z,UCyH3WX6870xslF6mocVV6uQ,Runestone,14976,858,5,PT59S,16200,17.2,871.1,5.76,3.1,59,Focus: True Crime / Explicativos,Estrutura Genérica / Indefinida,Shorts/Tiktok (< 1 min),A Verdade sobre: do NOT click th...,Por que do NOT click th mudou tudo... | O Segredo sobre do NOT cli | Eles esconderam isso: do NOT click | O pior erro de do NOT click th | Descubra o mistério de do NOT cli,Comece com uma afirmação controversa e uma tela preta rápida por 1s.,Suspense progressivo. Crie loops abertos a cada 2 minutos.,Fundo escuro. Rosto focado borrado com olhos ocultos e Seta vermelha minimalista.,2026-03-26 18:04:33
lvG3P8lutoo,I Built a Secret Bamboo Jungle Tower EP1 | Amazing Handmade Bamboo House Craft 🎋#bamboohouse #short,"I Built a Secret Bamboo Jungle Tower EP 1 | Amazing Handmade Bamboo House Craft 🎋 Description:-  a beautiful bamboo survival build story set deep inside the jungle. In this episode, a hidden multi-level bamboo jungle tower comes to life with creative handmade design, natural bamboo architecture, and a unique secret survival concept. The video shows a stunning bamboo structure surrounded by forest, detailed green bamboo interiors, and a cinematic handmade house build feel that makes the whole story visually satisfying.

This short is perfect for viewers who love bamboo house building, jungle survival houses, handmade bamboo craft, secret tower ideas, and creative nature-inspired architecture. From the outside design to the hidden bamboo interiors, every part of the tower is crafted to look artistic, natural, and cinematic.

If you enjoy bamboo house videos, secret jungle house designs, DIY bamboo craft ideas, and beautiful handmade survival builds, then watch till the end, like the video, and subscribe for the next episode.

#bamboohouse #BambooCraft #JungleTower #BambooTower #HandmadeHouse #BambooBuild #SecretHouse #JungleHouse #DIYBamboo #BambooArt #HandmadeCraft #SurvivalHouse #NatureBuild #BambooArchitecture #short",2026-03-26T02:30:00Z,UCwqCHRSX8WHckuHp3pv2vQg,Shakib Dark Stories,261941,3147,2,PT40S,17700,18.6,14101.4,1.2,9.58,40,Focus: Mistérios Subterrâneos,Estrutura Genérica / Indefinida,Shorts/Tiktok (< 1 min),A Verdade sobre: I Built a Secre...,Por que I Built a Secre mudou tudo... | O Segredo sobre I Built a  | Eles esconderam isso: I Built a Se | O pior erro de I Built a Secre | Descubra o mistério de I Built a ,Comece com uma afirmação controversa e uma tela preta rápida por 1s.,Suspense progressivo. Crie loops abertos a cada 2 minutos.,Fundo escuro. Rosto focado borrado com olhos ocultos e Seta vermelha minimalista.,2026-03-26 18:04:33
-R0WzNbZC2A,Granny Train Real Story 😲 / The Dark Secret of Granny - Horror Story #granny #trend,"Granny Train Real Story 😲 / The Dark Secret of Granny - Horror Story #granny #trend

Hello Everyone... LoKe Gamer.66
Welcome To My Channel 🙏 For Enjoying The Funny Video Super Chat Game Edits.. Reaction Video,.. Plz Support My YouTube Channel... Thanks.. 😊

Follow.. Me 👇

Social Media Link:-

Instagram:- 📎👇 
https://www.instagram.Com/lokegamer66

Teligram:- 📎👇
YouTube:- https://t.me/LoKeGaMer66

Download Now' Game Link 📎👇

https://play.google.com/store/apps/details?id=com.DVloper.Granny3

Video Editing App Download
Link 🖇️ 👇

https://play.google.com/store/apps/details?id=com.camerasideas.trimmer

YouTube Studio App.. Video Customisation 
Downloading Link 🖇️ 👇 

https://play.google.com/store/apps/details?id=com.google.android.apps.youtube.creator

ChatGPT.. Ranking Title Recommend :-
Download App Link 🖇️ 👇 

https://play.google.com/store/apps/details?id=com.openai.chatgpt

granny chapter 3 real story
granny 3 real story
granny top secret trick
escaping as the baby in yellow in granny 3 train escape
granny story explained
granny 3 story explained
granny 2 story explained
granny 1 story explained
granny top secret glitch
granny secret room glitch
granny spry secret
granny secret trick
horror story
granny secret
granny horror
facetime horror story
granny secret room trick you never knew
bug in granny horror game
granny chapter Two
granny chapter 1
granny chapter 2
granny chapter 3
granny chapter 4
Loke Gamer 66
loke Gamer 66
gameplay
gamers
gamer
game

#realstory
#grannyskeleton
#granny3
#gameplay 
#viralvideo
#shortsfeed
#horrorstories
#lokegamer66 
#gamingshorts
#youtubeshorts 
#trandingshorts

Disclaimer :- 👇

Copyright Disclaimer: - Under section 107 of the copyright Act 1976, allowance is mad for FAIR USE for purpose such a as criticism, comment, news reporting, teaching, scholarship and research. Fair use is a use permitted by copyright statues that might otherwise be infringing. Non- Profit, educational or personal use tips the balance in favor of FAIR USE.",2026-03-25T10:55:01Z,UCfMihB1kjMFxZTElKWHKfiA,LoKe Gamer.66 ,21478,0,1,PT32S,21800,34.2,628.8,0.0,0.0,32,Focus: Mistérios Subterrâneos,Estrutura Genérica / Indefinida,Shorts/Tiktok (< 1 min),A Verdade sobre: Granny Train Re...,Por que Granny Train Re mudou tudo... | O Segredo sobre Granny Tra | Eles esconderam isso: Granny Train | O pior erro de Granny Train Re | Descubra o mistério de Granny Tra,Comece com uma afirmação controversa e uma tela preta rápida por 1s.,Suspense progressivo. Crie loops abertos a cada 2 minutos.,Fundo escuro. Rosto focado borrado com olhos ocultos e Seta vermelha minimalista.,2026-03-26 18:04:33
uaI3z5Njw1c,Minecraft but it’s explained like Jujutsu Kaisen Part 6,,2026-03-26T16:01:18Z,UC-ZdImOCCm357a8Sp7zfjvw,1UpInfo,108681,13466,185,PT43S,19900,5.1,21504.6,12.56,135.73,43,Focus: Curiosidades / Listas,Explanations / Como/Por que,Shorts/Tiktok (< 1 min),A Verdade sobre: Minecraft but i...,Por que Minecraft but i mudou tudo... | O Segredo sobre Minecraft  | Eles esconderam isso: Minecraft bu | O pior erro de Minecraft but i | Descubra o mistério de Minecraft ,Comece com uma afirmação controversa e uma tela preta rápida por 1s.,Suspense progressivo. Crie loops abertos a cada 2 minutos.,Fundo escuro. Rosto focado borrado com olhos ocultos e Seta vermelha minimalista.,2026-03-26 18:04:33
J4JmeqKEj9U,Reddit's Darkest Revenge Stories [19],"Three of the most satisfying firsthand revenge stories from Reddit.
🪬 Want early content? Join our Patreon!  http://patreon.com/malevolentmischief

Watch this next: https://youtu.be/EN-gx-qB024

🟢 Subscribe to our Podcast: https://tinyurl.com/Malevolent-Podcast

Connect with Malevolent Mischief:
Instagram: https://www.instagram.com/malevolentmischief/
TikTok: https://www.tiktok.com/@malevolent.mischief

❓ Have a recommendation for stories to cover? Be sure to drop it in the comments!

=================================

⏰ Timestamps ⏰
Intro: 0:00
Story 1: 0:16
Story 2: 5:55
Story 3: 12:01

© Malevolent Mischief

#darkest #revenge #redditstories",2026-03-25T11:00:27Z,UCVxJEHnkpAzQsu1e87chHKA,Malevolent Mischief,10224,552,42,PT20M49S,77100,34.1,300.1,5.81,0.23,1249,Focus: Mistérios Subterrâneos,Estrutura Genérica / Indefinida,Long Form / Storytelling (> 10 min),A Verdade sobre: Reddit's Darkes...,Por que Reddit's Darkes mudou tudo... | O Segredo sobre Reddit's D | Eles esconderam isso: Reddit's Dar | O pior erro de Reddit's Darkes | Descubra o mistério de Reddit's D,Comece com uma afirmação controversa e uma tela preta rápida por 1s.,Suspense progressivo. Crie loops abertos a cada 2 minutos.,Fundo escuro. Rosto focado borrado com olhos ocultos e Seta vermelha minimalista.,2026-03-26 18:04:33
YtjLIXCA12I,The Dark Reality of Being a Widow in the Bible (Tamar's Story),"What happened to women in the ancient world when their husbands died? The story of Tamar reveals a desperate reality that most Sunday schools skip over. Trapped by the ancient law of levirate marriage, Tamar found herself bound to a family that refused to give her a future.

After the sudden deaths of her husbands Er and Onan, Judah promised Tamar his youngest son, Shelah. But as the years passed, Tamar realized she had been abandoned—becoming an ""anchored woman"" with no legal rights and no way out.

Discover the shocking historical context behind Genesis 38 and how this forgotten widow finally decided to take her fate into her own hands.

#BibleHistory #WomenInTheBible #Genesis38 #TamarAndJudah",2026-03-25T17:44:59Z,UC4IwMrGvcf3v8iGgvSmbtRw,Liora Ravid,11766,552,10,PT2M8S,233,27.3,430.6,4.78,87.89,128,Focus: Mistérios Subterrâneos,Estrutura Genérica / Indefinida,Medium Form (1-10 min),A Verdade sobre: The Dark Realit...,Por que The Dark Realit mudou tudo... | O Segredo sobre The Dark R | Eles esconderam isso: The Dark Rea | O pior erro de The Dark Realit | Descubra o mistério de The Dark R,Comece com uma afirmação controversa e uma tela preta rápida por 1s.,Suspense progressivo. Crie loops abertos a cada 2 minutos.,Fundo escuro. Rosto focado borrado com olhos ocultos e Seta vermelha minimalista.,2026-03-26 18:04:33
t2n3W_FHRCI,आधी रात का छलावा | aadhi Raat ka chhalava|horror stories| bhootwala story|scary story | koyal night,"आधी रात का छलावा | aadhi Raat ka chhalava|horror stories| bhootwala story|scary story | koyal night


DISCLAIMER 
All the characters, incidents, names, and situations used in this story are fictitious. The resemblance to any person living or dead is purely Co-incidental. The following video contains some horror elements, and suitable for a mature audience (16+). This Channel and Video is not for Kids.

Hindi Horror Stories, Jangal Ka Chhalawa, Chhalawa Ki Kahani, Hindi Kahaniya, Horror Story in Hindi, Ghost Stories, Chudail ki Kahani, Dark 
 Horror.Storytelling, andheriraatkachhalava, 
raatkachhalava, khofnakjungle, kaliraatkachhalava, cartoonhorrorstory, bhutiyarasta. woraatkachhalava, scarystorise, gaonkachhalava, gaonkaworasta, Villagehorrorstory

#hindihorrorstory#newstory#chhalava


#villagehorrorstorise​#HindiHorrorStories #JangalKaChhalawa #HorrorKahani #BhootPret #GhostStory #HindiStories #Kahani #Chhalawa #Supernatural #DarkForest #IndianHorror #TrendingStories #Storytelling#andheriraatkachhalava
#raatkachhalava#khofnakjungle#kaliraatkachhalava#cartoonhorrorstory#bhutiyarasta#woraatkachhalava#scarystorise#gaonkachhalava#gaonkaworasta#Villagehorrorstory#newstory 
#HorrorStoryHindi #BhutiyaKahani
#shapitraat#shapitjungle #RealGhostStory #HauntedFactory #ScaryStoryHindi  
#BhootiyaPlace #DarkNightStory #HauntedIndia #HorrorShorts #GhostEncounter#cartoon kahani

chhalavw ki raat
#chhalavekiraat
#chhalavakahani 
darawani Kahaniya
Bhutiya kahani 
Bhutiya village story
Bhutiya goan story
Horror animated story 
Horror animated story hindi 
horror kahani in hindi
horror kahani hindi cartoon
horror kahaniya in hindi
horror kahaniya tv
हॉरर कहानी
horror kahani cartoon
bhutiya cartoon story in hindi
bhootiya kahaniya
भूतिया कहानी
bhootiya story
bhootiya story in hindi
horror House
horror Village
horror old town stories
Horror Hand pump
Ghost hand pump
ghost house
bhootiya nal
bhootiya hand pump
chudail hand pump
hand pump me chudail
Horror 
Horror story 
Horror story Hindi 
Adhikari raat ka chhalava
Andheri raat ka chhalava 
Andheri horror stories
Andheri raat chhalava
Andheri jungle
Andheri horror stories
Jungle ka Andheri raat ka chalava
Andheri gaon
Gaon Ki andheri Jungle 
Bhutia jungle
Bhutiya rastBhutiya rasta
Bhutiya rasta horror story
Brutiya jungle ka wo chhalava
Bhutiya
Bhutiya jungle ka wah aakhiri raat
ChhalaVA 
Chhalava horror stories
Jungle ka chhala
Jungle ka chalava. Jungle ka wo aakhiri chalava.
Haunted Jungle
Haunted village
Haunted house
Maut ka jhalawaa.
Jungle wala horror stor
Sapit jungle horror
Safit rasta. Horror kahania Hindi.
Animated horror story.
Drawna story
Village horror kahania
Gaon ki purani story 
True story, scary story.
Chhalava 
Village, true story.
#अंथेरी रात का छलावा 
bhootwala cartoon
scary kahani
#adhiraatkachhalava
#scarykahani
#scary stories
#horror #hearttouchingstories 
#animation 
#newstory 
#cartoon 
#horrorstories 
#drawana 
#drawanikahani
#horror stories
#HindiStories
#darawanikahaniya
#Hindihorrorstory 
#HauntedStorie
#HorrorStories
#SuspenseStories
#horrorstories
#horrorcartoonstories 
#creepystories 
#bhoot_wala_cartoon
Koyal night
Koyal night horror story


MUSIC CREDIT 

Colorless Aura

Colorless Aura by Kevin MacLeod is licensed under a Creative Commons Attribution 4.0 licence. https://creativecommons.org/licenses/by/4.0/

Source: http://incompetech.com/music/royalty-free/index.html?isrc=USUAN1400008

Artist: http://incompetech.com/



DARK TIMES 

Dark Times by Kevin MacLeod is licensed under a Creative Commons Attribution 4.0 licence. https://creativecommons.org/licenses/by/4.0/

Source: http://incompetech.com/music/royalty-free/index.html?isrc=USUAN1100747

Artist: http://incompetech.com/



Heartbreaking

Heartbreaking by Kevin MacLeod is licensed under a Creative Commons Attribution 4.0 licence. https://creativecommons.org/licenses/by/4.0/

Source: http://incompetech.com/music/royalty-free/index.html?isrc=USUAN1100208



Crossing the Threshold

Crossing the Threshold - Ghostpocalypse by Kevin MacLeod is licensed under a Creative Commons Attribution 4.0 licence. https://creativecommons.org/licenses/by/4.0/

Source: http://incompetech.com/music/royalty-free/index.html?isrc=USUAN1100663

Artist: http://incompetech.com/
Artist: http://incompetech.com/




Measured Paces

Measured Paces by Kevin MacLeod is licensed under a Creative Commons Attribution 4.0 licence. https://creativecommons.org/licenses/by/4.0/

Source: http://incompetech.com/music/royalty-free/index.html?isrc=USUAN1100164

Artist: http://incompetech.com/



Industrial Music Box


Industrial Music Box by Kevin MacLeod is licensed under a Creative Commons Attribution 4.0 licence. https://creativecommons.org/licenses/by/4.0/

Source: http://incompetech.com/music/royalty-free/index.html?isrc=USUAN1100812

Artist: http://incompetech.com/",2026-03-26T04:00:40Z,UCDXaCSo4AOXmRYd_ze-R4DQ,Koyal Night,61674,604,88,PT18M44S,3680,17.1,3614.2,1.12,11.02,1124,Focus: Mistérios Subterrâneos,Estrutura Genérica / Indefinida,Long Form / Storytelling (> 10 min),A Verdade sobre: आधी रात का छलाव...,Por que आधी रात का छलाव mudou tudo... | O Segredo sobre आधी रात का | Eles esconderam isso: आधी रात का छ | O pior erro de आधी रात का छलाव | Descubra o mistério de आधी रात का,Comece com uma afirmação controversa e uma tela preta rápida por 1s.,Suspense progressivo. Crie loops abertos a cada 2 minutos.,Fundo escuro. Rosto focado borrado com olhos ocultos e Seta vermelha minimalista.,2026-03-26 18:04:33
jd44kcRmLT0,Iran's SHOCKING MYSTERY GIFT To Donald Trump Amid War! Trump REVEALS What is Inside THE SECRET GIFT,"Iran has sent US President Donald Trump a mysterious gift. Donald Trump called it a big present worth a tremendous amount of money. Trump also hinted that the gift is related to oil, gas and the Strait of Hormuz, but he did not reveal what the present really is. In this Decode episode, Nikita Kapoor decodes what exactly has Iran given the United States? Why now, amid war? And is this really a gift or a strategic signal?

#IranWar #IranNews #DonaldTrump



About Channel: 

The Daily Jagran brings you all the breaking news, news updates, and explainers on current issues in India and around the world. We offer the latest news videos on Politics, Business, Cricket, Bollywood, Lifestyle, Entertainment, and a lot more. 

We also bring to you public opinion, voice and news with in-depth analysis for your better understanding.


In description:

About Channel: The Daily Jagran brings you all the breaking news, news updates and explainers on current issues in India and around the world. We offer the latest news videos on Politics, Business, Cricket, Bollywood, Lifestyle, Entertainment and a lot more. 

We also bring to you public opinion, voice and news with in-depth analysis for your better understanding. 


Links To Our Social Media Handles:

Instagram: The Daily Jagran (https://www.instagram.com/thedailyjagran/) 

Facebook: The Daily Jagran (https://www.facebook.com/TheDailyJagran/)

X: The Daily Jagran (https://x.com/TheDailyJagran)

Website: https://english.jagran.com/",2026-03-25T14:30:36Z,UCEHYbfs9wWuuLPPpbz0VV8Q,The Daily Jagran,52348,766,181,PT8M1S,77500,30.6,1712.6,1.81,0.4,481,Focus: Mistérios Subterrâneos,Nobody knows / Dark truth,Medium Form (1-10 min),A Verdade sobre: Iran's SHOCKING...,Por que Iran's SHOCKING mudou tudo... | O Segredo sobre Iran's SHO | Eles esconderam isso: Iran's SHOCK | O pior erro de Iran's SHOCKING | Descubra o mistério de Iran's SHO,Comece com uma afirmação controversa e uma tela preta rápida por 1s.,Suspense progressivo. Crie loops abertos a cada 2 minutos.,Fundo escuro. Rosto focado borrado com olhos ocultos e Seta vermelha minimalista.,2026-03-26 18:04:33
BpcXSPGyl8A,"🙏 4 Devi ka chamatkar – Parvati, Saraswati, Vaishno & Lakshmi Mata..#shorts #ai #aivideo","Is video me aap dekhenge ek adbhut aur bhakti se bhara chamatkar 🙏
Jab Parvati Mata ne aam ko chhua to aam gaay ban gaya 🐄
Jab Saraswati Mata ne aam ko chhua to aam mor ban gaya 🦚
Jab Vaishno Devi ne aam ko chhua to aam bandar ban gaya 🐒
Lekin jab Lakshmi Mata ne aam ko chhua to woh aam dher saare sone ke sikko me badal gaya 🪙✨
Aur ab Lakshmi Mata aapke ghar bhi aa sakti hain... ❤️
Agar aap bhi unka ashirwad chahte hain to video ko like 👍, share 📤 aur channel ko subscribe 🔔 zarur karein.
#lakshmimata #bhakti #chamatkar #hindustory #shorts #viralvideo #devotionalstory #devotional #aastha #story #spritual #trending",2026-03-25T03:26:41Z,UCnrTpDlScptnB7DJmFkKE0A,AI stories ,13971,823,3,PT29S,551,41.6,335.6,5.91,35.94,29,Focus: True Crime / Explicativos,AI / Futurismo,Shorts/Tiktok (< 1 min),A Verdade sobre: 🙏 4 Devi ka cha...,Por que 🙏 4 Devi ka cha mudou tudo... | O Segredo sobre 🙏 4 Devi k | Eles esconderam isso: 🙏 4 Devi ka  | O pior erro de 🙏 4 Devi ka cha | Descubra o mistério de 🙏 4 Devi k,Comece com uma afirmação controversa e uma tela preta rápida por 1s.,Suspense progressivo. Crie loops abertos a cada 2 minutos.,Fundo escuro. Rosto focado borrado com olhos ocultos e Seta vermelha minimalista.,2026-03-26 18:04:33
BUM3M_tdzxs,Dhurandhar 2 Climax Explained in Telugu | Dhurandhar Ending (2026) Dhurandhar Full Movie Telugu,"Watch Dhurandhar 2 Climax Explained in Telugu | Dhurandhar Ending (2026) Dhurandhar Full Movie Telugu


Dhurandhar 2 The Revenge is a 2026 Indian spy action film written and directed by Aditya Dhar. Produced by Jyoti Deshpande, Aditya Dhar, and Lokesh Dhar under Jio Studios and B62 Studios, it is the sequel to Dhurandhar and the final installment of the duology. The ensemble cast of the film consists of Ranveer Singh, Arjun Rampal, Sanjay Dutt, R. Madhavan, Sara Arjun.


Dhurandhar and Dhurandhar 2 have raked in ₹1,300 crore and ₹919 crore respectively, taking the franchise's overall total collections past the ₹2,200 crore mark. Dhurandhar 2 now holds the record for the biggest extended opening weekend for a Bollywood movie worldwide, as well as at the domestic box office.

Produced by Jyoti Deshpande and Lokesh Dhar, the spy thriller also stars R. Madhavan, Arjun Rampal, Sanjay Dutt, Sara Arjun, and Rakesh Bedi.



Dhurandhar The Revenge Telugu

An Aditya Dhar Film
DHURANDHAR THE REVENGE 

Written, Directed and Produced by Aditya Dhar
Produced by Jyoti Deshpande
Produced by Lokesh Dhar
Director of Photography - Vikash Nowlakha
Editor: Shivkumar V. Panicker
Music and Background Score: Shashwat Sachdev







Watch more videos:

1. Dhurandhar Movie Real Story: https://youtu.be/wzMGIWMQ1aI
2. Kalki Ending Explained: https://youtu.be/qSuLWk_yDLg
3. Hanuman Movie Climax: https://youtu.be/AsH9KUpk12Y
4. Mount Kailash Mystery: https://youtu.be/rXF4lmvriZk
5. Kannappa Movie Explained: https://youtu.be/rhKVM6A_4cA
6. Kantara Chapter 1 Explained: https://youtu.be/spEUKzoasE8
7. Kanaka Durgamma Story: https://youtu.be/pNBlM4Nyfg0




The Content used In this Video is only For educational purpose


Disclaimer :
video is for educational purpose only.Copyright Disclaimer Under Section 107 of the Copyright Act 1976, allowance is made for ""fair use"" for purposes such as criticism, comment, news reporting, teaching, scholarship, and research. Fair use is a use permitted by copyright statute that might otherwise be infringing. Non-profit, educational or personal use tips the balance in favor of fair use.",2026-03-25T11:57:56Z,UCT2D0lk-NB2dp6J3YoLkGbw,Telugu Vidhya,31499,705,20,PT8M26S,89700,33.1,951.3,2.3,0.24,506,Focus: Curiosidades / Listas,Explanations / Como/Por que,Medium Form (1-10 min),A Verdade sobre: Dhurandhar 2 Cl...,Por que Dhurandhar 2 Cl mudou tudo... | O Segredo sobre Dhurandhar | Eles esconderam isso: Dhurandhar 2 | O pior erro de Dhurandhar 2 Cl | Descubra o mistério de Dhurandhar,Comece com uma afirmação controversa e uma tela preta rápida por 1s.,Suspense progressivo. Crie loops abertos a cada 2 minutos.,Fundo escuro. Rosto focado borrado com olhos ocultos e Seta vermelha minimalista.,2026-03-26 18:04:33
9eV-KHeUNLA,Depression explained in Minecraft ⛏️#minecraft #explained #funny #story #explainedinminecraft,"Depression explained in Minecraft

If you want to learn about history, people, countries, inventions and other things please subscribe!

Trying to hit 100,000 subscribers by July 11
2506
#minecraft #explained #funny #story #explainedinminecraft",2026-03-26T17:40:26Z,UCMdILGEs1xG3IuEW1REMzKw,FortyEightFilms,12040,961,29,PT31S,3100,3.4,3539.5,8.22,93.85,31,Focus: Curiosidades / Listas,Explanations / Como/Por que,Shorts/Tiktok (< 1 min),A Verdade sobre: Depression expl...,Por que Depression expl mudou tudo... | O Segredo sobre Depression | Eles esconderam isso: Depression e | O pior erro de Depression expl | Descubra o mistério de Depression,Comece com uma afirmação controversa e uma tela preta rápida por 1s.,Suspense progressivo. Crie loops abertos a cada 2 minutos.,Fundo escuro. Rosto focado borrado com olhos ocultos e Seta vermelha minimalista.,2026-03-26 18:04:33
dOxunehY_uo,The DARKEST Fantastic Four Story Ever Told! #suestorm #invisiblewoman #fantasticfour #marvelcomics,"What happens when the Invisible Woman stops holding back? 🤯 In this terrifying alternate reality, Sue Storm accidentally unlocks her true potential while having a nightmare—and ends up destroying the entire Earth in her sleep! Watch as we break down one of the darkest Fantastic Four storylines ever, where a guilt-ridden Sue forces Johnny to burn away part of her brain, murders her own brother, and becomes an unstoppable cosmic threat that easily defeats Galactus! 🌍💀 #suestorm #invisiblewoman #fantasticfour #marvelcomics #galactus #marveluniverse",2026-03-25T18:09:22Z,UC5hXLGKjbUCfzKP2QP2wmtA,Comic Codex,109323,3844,19,PT52S,2220,26.9,4061.1,3.53,64.61,52,Focus: Mistérios Subterrâneos,Estrutura Genérica / Indefinida,Shorts/Tiktok (< 1 min),A Verdade sobre: The DARKEST Fan...,Por que The DARKEST Fan mudou tudo... | O Segredo sobre The DARKES | Eles esconderam isso: The DARKEST  | O pior erro de The DARKEST Fan | Descubra o mistério de The DARKES,Comece com uma afirmação controversa e uma tela preta rápida por 1s.,Suspense progressivo. Crie loops abertos a cada 2 minutos.,Fundo escuro. Rosto focado borrado com olhos ocultos e Seta vermelha minimalista.,2026-03-26 18:04:33
1XM1nvlVwBw,रातरानी - जो हर रात आती है | Scary Hub | Hindi Horror,"#horrorstories #ghost #horrorstory 
रातरानी | Raat Rani Horror Story | सच्ची कहानी | Horror Stories | Horror Series | Horror Stories in Hindi I Scary Pumpkin | Hindi Horror Stories | Hindi Stories |  Horror Stories   #रातरानी #horrorstories #bhoot #story 

Please Subscribe To Scary Hub:- https://youtu.be/_IyTpNHomGI
---------------------------------------------------------------------------------
होली | Holi Horror Story:- https://youtu.be/_IyTpNHomGI

कुमुदिनी का बदला | Horror Story:- https://youtu.be/15ZPoAJ7jro

राखांदार | Rakhandar Horror Story:- https://youtu.be/llK4LCPOE3U

चौराहा | Choraha Horror Story :- https://youtu.be/1gyIAlxRaVY
-------------------------------------------------------------------------------------
Produce by :- LNK Studio
All rights reserved @LNKStudio
-----------------------------------------------------------------------------------
DISCLAIMER 
All the characters, incidents, names, and situations used in this story are fictitious. 
The resemblance to any person living or dead is purely Co-incidental.  
The following video contains some horror elements, and suitable for a mature audience (15+).
This Channel and Video are not for Kids.
--------------------------------------------------------------------------------------

Also if you guys also experienced this type of incident in your life you can share your stories with us.
Contact us at - nkfantasyworld@gmail.com
Please share your feedback in the comment box & please follow
""YOUTUBE GUIDELINES"" before comment.
Thanks for your love and support.
------------------------------------------------------------------



horror story, horror animation,animated horror stories,horror stories animated,horror stories,scary story,animation,horror, horror narration,disturbing horror stories,,true horror stories, scary pumpkin 🎃 new story, scary pumpkin, scary hub, khooni Monday, ghost story, real horror story, रातरानी, Raat Rani, Raatrani, horror, Bhoot, Ram navmi, shree ram, Shree Ram, Ram, Shree Ram Songs, shree ram songs, ram ji ke gane, ram navami songs, ram navami dj songs",2026-03-25T13:30:00Z,UCbNp5Gl_5QSFNZmRytT41Fw,Scary Hub,47283,842,85,PT19M31S,38700,31.6,1497.5,1.96,0.76,1171,Focus: Mistérios Subterrâneos,Estrutura Genérica / Indefinida,Long Form / Storytelling (> 10 min),A Verdade sobre: रातरानी - जो हर...,Por que रातरानी - जो हर mudou tudo... | O Segredo sobre रातरानी -  | Eles esconderam isso: रातरानी - जो | O pior erro de रातरानी - जो हर | Descubra o mistério de रातरानी - ,Comece com uma afirmação controversa e uma tela preta rápida por 1s.,Suspense progressivo. Crie loops abertos a cada 2 minutos.,Fundo escuro. Rosto focado borrado com olhos ocultos e Seta vermelha minimalista.,2026-03-26 18:04:33
qvCnDQbKRUw,"yes or no, zootopia guess the mystery #zootopia2 #viralshorts #mystery","zootopia guess the mystery, yes or no zootopia2 #colours​ #zootopia2​ #viralshorts​ #funny​ #yesorno #colour​ #mix #zootopia​ #satisfying​ #virals #mistery",2026-03-24T23:01:06Z,UCHXM54k15wIVRKzXQojWYSg,anisacolours,25771,41,0,PT5S,1210,46.1,559.5,0.16,0.74,5,Focus: Mistérios Subterrâneos,Mistério / True Crime,Shorts/Tiktok (< 1 min),"A Verdade sobre: yes or no, zoot...","Por que yes or no, zoot mudou tudo... | O Segredo sobre yes or no, | Eles esconderam isso: yes or no, z | O pior erro de yes or no, zoot | Descubra o mistério de yes or no,",Comece com uma afirmação controversa e uma tela preta rápida por 1s.,Suspense progressivo. Crie loops abertos a cada 2 minutos.,Fundo escuro. Rosto focado borrado com olhos ocultos e Seta vermelha minimalista.,2026-03-26 18:04:33
DIJI5MsnNf0,रक्तबिज का छलावा 👹🔥 | Scary Crocodile Horror Story | Hindi Horror Animation Stories | ,"रक्तबिज का छलावा 👹🔥 | Scary Crocodile Horror Story | Hindi Horror Animation Stories | 

Credit

Writer - Jayesh Zomate

Animation - Govind Bhise

Music 

Martian Cowboy by Kevin MacLeod is licensed under a Creative Commons Attribution 4.0 license. https://creativecommon...​

Purple Planet

Please Subscribe to Scary Crocodile : -

Chhalawa | Scary Crocodile | Hindi Horror Stories
Hindi Stories | Animated Stories | Horror Stories |
Suspense Stories | Hindi Kahaniya | Stories In Hindi | Hindi Animated Story | kahaniya In Hindi |
Panchatantra Tales | Bedtime Stories | Kahani 

DISCLAIMER

All the characters, incidents, names, and situations used in this story are fictitious.

The resemblance to any person living or dead is purely Co-incidental.

The following video contains some horror elements, and suitable for a mature audience (15+).

This Channel and Video is not for Kids.

Welcome to the Scary Crocodile YouTube Channel.
All of Our Stories Contains a lesson for adults.
Subscribe to the channel for the latest Hindi stories and educational content for all Generations. We offer you a variety of high-quality Animated Stories For Everyone.
We are always happy to hear from you.
Please share your feedback in the comment box & please follow

""YOUTUBE GUIDELINES"" before comment.

Thanks for your love and support




#chhalava 
#छलावा 
#realhorrorstories 
#truehorrorstories 
#chhalavacartoon
#chhalavabhoot
#chhalavakahani 
#HorrorStories 
#newhorrorstory 
#blackmagic 
#apsarasadhana 
#hauntedhouse 
#entertainment 
#animation 
#Postmortem 
#HindiStories 
#ghost 
#ChudailKiKahaniya 
#StoriesinHindi 
#HauntedStories 
#HindiKahaniya 
#Hauntedroad 
#LatestHindiStories 
#Kahaniya 
#Kahani 
#HindiKahaniya 
#Story 
#HorrorStories 
#SuspenseStories 
#EntertainingVideos 
#FunnyShortStories 
#horrorstoryhindi 
#crimestory 
#chudail 
#pishach 
#pishachini 
#karnapishachini 
#paranormalactivities 
#Bhutiyaghar 
#chudel 
#HindiStories 
#FunnyStories 
#bloodymaryeditaudioStories 
#Latestkahaniya 
#Story 
#Stories 
#Horror",2026-03-26T09:24:19Z,UCKWo2H004Eficke2kp8UA1w,Scary Crocodile,13622,449,52,PT15M41S,64500,11.7,1167.2,3.68,0.67,941,Focus: Mistérios Subterrâneos,Estrutura Genérica / Indefinida,Long Form / Storytelling (> 10 min),A Verdade sobre: रक्तबिज का छलाव...,Por que रक्तबिज का छलाव mudou tudo... | O Segredo sobre रक्तबिज का | Eles esconderam isso: रक्तबिज का छ | O pior erro de रक्तबिज का छलाव | Descubra o mistério de रक्तबिज का,Comece com uma afirmação controversa e uma tela preta rápida por 1s.,Suspense progressivo. Crie loops abertos a cada 2 minutos.,Fundo escuro. Rosto focado borrado com olhos ocultos e Seta vermelha minimalista.,2026-03-26 18:04:33
a_V7S8mCwTU,You're Building Wrong: Every COUNTER Item EXPLAINED - Deadlock Guide,"Subscribe for more Deadlock educational content!

Join the community discord! https://discord.gg/Vy67rmXfgz

Follow me on twitter! https://x.com/AnsonexDL

Follow me on twitch! https://www.twitch.tv/ansonexdl

Join the Deadlock Academy to get Deadlock coaching from pro players & high level content creators!
http://gosuacademy.com/ansonex

Anything else I forgot goes here!

Chapters:
0:00 - Intro
0:14 - Rebuttal
1:36 - Rusted Barrel
2:53 - Healing in Lane (if needed)
3:22 - Healbane
4:54 - Reactive Barrier
6:39 - Return Fire
7:55 - Spirit & Weapon Shielding
8:41 - Mystic Slow & Surpressor
9:27 - Deathy Content Creator Tournament
9:53 - Counterspell
12:23 - Dispel Magic
14:07 - Metal Skin
15:15 - Resiliences
16:53 - Warp Stone
18:50 - Disarming Hex
19:57 - Knockdown
21:46 - Silence Wave
24:06 - Capacitor
26:48 - Slowing Hex
28:18 - Spellbreaker
30:30 - Unstoppable
32:00 - Spirit Burn
34:10 - Cursed Relic

#deadlock #gaming #moba",2026-03-25T14:57:19Z,UCPsKf58pooyd18RviFdQHpA,Ansonex,10678,387,74,PT37M53S,7980,30.1,354.5,4.32,1.92,2273,Focus: Curiosidades / Listas,Explanations / Como/Por que,Long Form / Storytelling (> 10 min),A Verdade sobre: You're Building...,Por que You're Building mudou tudo... | O Segredo sobre You're Bui | Eles esconderam isso: You're Build | O pior erro de You're Building | Descubra o mistério de You're Bui,Comece com uma afirmação controversa e uma tela preta rápida por 1s.,Suspense progressivo. Crie loops abertos a cada 2 minutos.,Fundo escuro. Rosto focado borrado com olhos ocultos e Seta vermelha minimalista.,2026-03-26 18:04:33
78P3DUGky2A,Every Apple Variety Explained,"Apple Varieties Explained! 🍎
👇You'll like these videos too:
All Fruits Explained - https://youtu.be/ma7-AjcK1Cg?si=9DqvvzQCujpJqOhT
Every Chocolate Explained - https://youtu.be/0ZClFYqYeRA?si=sePfklPiD-sORFoN
Subscribe For More Content!",2026-03-25T12:25:44Z,UCddXepURe7TTkRWrQXwwrgw,FooDiscover,24614,555,63,PT14M18S,34400,32.6,754.0,2.51,0.55,858,Focus: Curiosidades / Listas,Explanations / Como/Por que,Long Form / Storytelling (> 10 min),A Verdade sobre: Every Apple Var...,Por que Every Apple Var mudou tudo... | O Segredo sobre Every Appl | Eles esconderam isso: Every Apple  | O pior erro de Every Apple Var | Descubra o mistério de Every Appl,Comece com uma afirmação controversa e uma tela preta rápida por 1s.,Suspense progressivo. Crie loops abertos a cada 2 minutos.,Fundo escuro. Rosto focado borrado com olhos ocultos e Seta vermelha minimalista.,2026-03-26 18:04:33
l9ntBwCSP9A,#halo #facts #ai,"Krishna Bhajan
Krishna Song
Radhe Krishna Bhajan
Devotional Song
Sri Krishna
Krishna Devotional Song
Radhe Radhe
 Krishna Bhakti Video
Devotional Geet
Hare Krishna Mantra
Krishna Bhajan Shorts
Devotional Ras
New Krishna Bhajan 2025
 Krishna Kirtan
Govinda Bhajan
Lord Krishna Song
Spiritual Songs
Krishna Bhajan by @Bhaktidhara1

🌸 Introduction – @bhaktidhara1

🙏 Jai Shri Krishna 🙏
Welcome to our devotional family @bhaktidhara1
In this video we are presenting a sweet and divine Shri Krishna Bhajan (Krishna Bhajan) that will fill your mind with peace, joy and devotion.
Our objective is that the devotion of Krishna should echo in every home and the love of Krishna should flow in every heart.

---

🎶 Importance of Krishna Bhajan

Krishna is not only a god but also a symbol of love, compassion, friendship and religion.
Listen and sing Krishna Bhajan from:

Mind is calm 🕊️
Love grows in the heart 💖
The soul is holy 🌸
Negativity goes away from life 🙏

That's why we are constantly uploading new Krishna Bhajans, Radhe Krishna Songs, Bhakti Geet and Kirtan on our channel @bhaktidhara1

---

📿 Hare Krishna Mahamantra

👉 *""Hare Krishna Hare Krishna, Krishna Krishna Hare Hare.
Hare Ram Hare Ram, Ram Ram Hare Hare.""*

This Mahamantra is the most powerful mantra in the whole world. Whenever you chant or listen to it, the mind itself becomes calm and love for Krishna rises in the heart.
@bhaktidhara1996 tries to spread the glory of this mantra.

---

🌺 Krishna Stories & Leelas

In his childhood, Krishna delighted everyone by stealing butter.
Kalia killed the snake and gave relief from fear.
He fascinated the Gopis with the sweet sound of the bansi.
He preached the Srimad Bhagavad Gita to Arjuna in Kurukshetra.

Every time we sing Krishna bhajans, it is not just music but a reminder of these divine leelas.
Through such devotional songs and stories on @bhaktidhara1996, we try to make your heart Krishnamaya.

---

🎼 Our Bhajan Collection @bhaktidhara1996

👉 Krishna Bhajan
👉 Radhe Krishna Bhajan
👉 Govind Naam Sankirtan
👉 Honey Devotion Geet
👉 Hare Krishna Mantra Japa

Each hymn is designed to bring you closer to and closer to the Lord.

---

🌸 Path of Devotion

Bhakti is the easiest way to reach God.
Krishna Bhajan is the main means of this devotion.
When we sing with a true heart, Krishna Himself takes away our sorrows.

@bhaktidhara1996 channel is your companion on this devotional path.


Krishna Bhajan, Krishna Song, Radhe Krishna Bhajan, Bhakti Song 2025, Shri Krishna, Krishna Devotional Song, Radhe Radhe, Krishna Bhakti Video, Bhakti Geet, Hare Krishna Mantra, Krishna Bhajan Shorts, Bhakti Kirta, New Krishna Bhajan, Gogo25 Song, Spiritual Songs, Krishna Bhajan by @bhaktidhara1

🌟 Our Mission – @bhaktidhara1

Our resolve is to flow a stream of Krishna devotion in every home and every heart.
That's why we upload new bhajans, kirtans and Krishna songs every day.

👉 If you like our bhajans please:
✔️ Subscribe to our channel @bhaktidhara1
✔️ Like the video 👍
✔️ Share with friends and family 🙏

 🙏 Conclusion

Krishna Bhajan is not just a song – it is the voice of love, faith and soul.
Every time you say the name of ""Radhe Krishna"", a new light comes into your life.

🌸 Let's sing together:
""Radhe Krishna... Jai Shri Krishna... Hare Krishna.

**Jai Shri Radhe Krishna 🙏 @bhaktidhara1
#Devotion1996​
#fxyouedit​ 
#flyxo​
#merchant​ 
#acting​ 
#hindudeity​ 
#hindugoddess​ 
#spiritualvibes​ 
#spirituality​ 
#hindispirituality​
#marblemusic​
#marriagecentreThis​ video is entirely AI-generated and created using artificial intelligence tools.
All characters, locations, objects, visuals, and events shown in this video are completely fictional and imaginary.
This content is presented in a cinematic, movie-style dramatic format and is not based on real life.
It does not depict real people, real places, real incidents, or real situations.
The purpose of this video is entertainment only.
It should not be considered as factual, real, educational, financial, or motivational content.
Any resemblance to actual persons (living or dead), events, or locations is purely coincidental.
No harm, misinformation, or false claims are intended.
👉 This video is made only for entertainment purposes.
#shorts​
#youtubeshorts​
#aivideo​
#aianimation​
#aistory​
#viralshorts​
#trending​
#shortvideo​
#viral​
#aiwithjannat",2026-03-26T08:26:17Z,UCqrFhxsXb61WX-FjCBkVyCw,Ai with Jannat,297623,5832,10,PT43S,4010,12.6,23550.8,1.96,115.25,43,Focus: True Crime / Explicativos,AI / Futurismo,Shorts/Tiktok (< 1 min),A Verdade sobre: #halo #facts #a...,Por que #halo #facts #a mudou tudo... | O Segredo sobre #halo #fac | Eles esconderam isso: #halo #facts | O pior erro de #halo #facts #a | Descubra o mistério de #halo #fac,Comece com uma afirmação controversa e uma tela preta rápida por 1s.,Suspense progressivo. Crie loops abertos a cada 2 minutos.,Fundo escuro. Rosto focado borrado com olhos ocultos e Seta vermelha minimalista.,2026-03-26 18:04:33
GwViA4Ifgpg,If it says mystery I’m in……#candy #frankenmuth,,2026-03-25T11:12:12Z,UCaYWGAI8paDGG-hDYfarQkg,Pallet Princess ,14383,1220,16,PT1M12S,58800,33.9,424.6,8.59,0.62,72,Focus: Mistérios Subterrâneos,Mistério / True Crime,Medium Form (1-10 min),A Verdade sobre: If it says myst...,Por que If it says myst mudou tudo... | O Segredo sobre If it says | Eles esconderam isso: If it says m | O pior erro de If it says myst | Descubra o mistério de If it says,Comece com uma afirmação controversa e uma tela preta rápida por 1s.,Suspense progressivo. Crie loops abertos a cada 2 minutos.,Fundo escuro. Rosto focado borrado com olhos ocultos e Seta vermelha minimalista.,2026-03-26 18:04:33
8vk8Ou6HKYA,crafted his Monster aeroplane ✈️ from Bamboo streak and Palm leaves | ai story 1.0#woodscraft​ #ai​,"crafted his Monster aeroplane ✈️ from Bamboo streak and Palm leaves | ai story 1.0#woodscraft #ai

Watch this amazing AI story where a creative craftsman builds a Monster Aeroplane using bamboo sticks and palm leaves. This incredible wood craft and bamboo craft project shows how simple natural materials can be transformed into a powerful airplane model.
If you love DIY crafts, bamboo art, woodworking, village creativity and AI storytelling, this video will inspire you. See the full process of creating a Monster Aeroplane model with bamboo and palm leaves using creative skills and imagination.
Don’t forget to Like 👍 Share 🔁 and Subscribe 🔔 for more amazing AI craft stories, bamboo creations and creative DIY builds. ✈️✨
🔥 Viral Hashtags
#woodcraft
#bamboocraft
#aistory
#aeroplane
#airplane
#diycraft
#handmadecraft
#creativecraft
#woodworking
#viralvideo
#shortsviral
#reelsviral
#craftideas
#villagecraft
#aiart
#youtubeshorts
🔑 Viral Keywords / Tags
ai story, bamboo craft, wood craft, monster aeroplane, diy bamboo airplane, bamboo airplane model, handmade craft ideas, creative diy project, woodworking craft ideas, ai generated story, bamboo sticks craft, palm leaves craft, village craft skills, diy airplane model, aircraft craft, viral shorts video, youtube shorts craft, ai craft story",2026-03-25T14:33:33Z,UCfyyQCW3QS8RFypZi-In29w,Ai Story 1.0,25919,628,0,PT56S,9250,30.5,849.3,2.42,2.22,56,Focus: True Crime / Explicativos,AI / Futurismo,Shorts/Tiktok (< 1 min),A Verdade sobre: crafted his Mon...,Por que crafted his Mon mudou tudo... | O Segredo sobre crafted hi | Eles esconderam isso: crafted his  | O pior erro de crafted his Mon | Descubra o mistério de crafted hi,Comece com uma afirmação controversa e uma tela preta rápida por 1s.,Suspense progressivo. Crie loops abertos a cada 2 minutos.,Fundo escuro. Rosto focado borrado com olhos ocultos e Seta vermelha minimalista.,2026-03-26 18:04:33
S0gPIh15Wj0,Aslam Chaudhary Real Story Dhurandhar,"Kya tumhe pata hai
Dhurandhar ke ek powerful character ka connection
real-life events se hai?
Real life me
Chaudhary Aslam par
pehle ek suicide attack hua tha,
jisme uske ghar ke kai log mare gaye —
lekin wo khud bach gaya.
Lekin kahani yahin khatam nahi hui.
2014 me Lyari Expressway par
uski car par attack hua
aur is baar wo bach nahi paaya.
Matlab jo intense violence aur revenge
tum movie me dekhte ho,
uski roots real incidents me hain.
#shorts #youtubeshorts #reels #fbshorts
#dhurandhar #realstory #truecrime
#crimehistory #darktruth
#moviefacts #filmfacts
#bollywood #hindicinema
#viralshorts #trendingreels",2026-03-25T15:45:00Z,UClVqzc5ooSfAPtVrvKNTVUQ,MR.JHAMUNDA,69282,1797,1,PT13S,98300,29.3,2362.5,2.6,0.62,13,Focus: Mistérios Subterrâneos,Estrutura Genérica / Indefinida,Shorts/Tiktok (< 1 min),A Verdade sobre: Aslam Chaudhary...,Por que Aslam Chaudhary mudou tudo... | O Segredo sobre Aslam Chau | Eles esconderam isso: Aslam Chaudh | O pior erro de Aslam Chaudhary | Descubra o mistério de Aslam Chau,Comece com uma afirmação controversa e uma tela preta rápida por 1s.,Suspense progressivo. Crie loops abertos a cada 2 minutos.,Fundo escuro. Rosto focado borrado com olhos ocultos e Seta vermelha minimalista.,2026-03-26 18:04:33
ixi5cXuSjII,Darkest Mystery on Indian OTT 💀 Aindham Vedham ☠️ #shorts,"Aindham Vedham
Aindham Vedham explained in Hindi 
Aindham Vedham 2 explained in Hindi 
Movie Aindham Vedham 2024 explained in Hindi 
Aindham Vedham review Hindi 
Aindham Vedham hindi
in the dark forest mystery full movie in Hindi 
in the dark forest mystery movie explained 
dark mystery in Hindi
South suspense horror movies dubbed in Hindi 
South Indian suspense horror movie dubbed 
horror suspense South Indian movies dubbed in Hindi 
hindi Dubbed movie 


#aindhamvedham #horrorstories #movie #shortsvideo #horrorstories #horror #shortsfeed #2025 #hollowhaunts #shorts #2026",2026-03-25T14:59:52Z,UCYfgoUKP73zRQWnzD0ninqA,HollowHaunts,25294,1742,4,PT36S,24800,30.1,841.0,6.9,2.34,36,Focus: Mistérios Subterrâneos,Mistério / True Crime,Shorts/Tiktok (< 1 min),A Verdade sobre: Darkest Mystery...,Por que Darkest Mystery mudou tudo... | O Segredo sobre Darkest My | Eles esconderam isso: Darkest Myst | O pior erro de Darkest Mystery | Descubra o mistério de Darkest My,Comece com uma afirmação controversa e uma tela preta rápida por 1s.,Suspense progressivo. Crie loops abertos a cada 2 minutos.,Fundo escuro. Rosto focado borrado com olhos ocultos e Seta vermelha minimalista.,2026-03-26 18:04:33
l8osHsquQ5M,"Estábamos en medio de la cena cuando Marcos de repente dejó su tenedor, Me miró y preguntó ¿quién es","Estábamos en medio de la cena cuando Marcos de repente dejó su tenedor. Me miró y preguntó, ¿quién es Arturo Vargas? Mis palillos se congelaron en el aire.
Mi corazón dio un vuelco. Arturo Vargas. Era un nombre falso, Algo que Lucía y yo habíamos inventado. Una noche de borrachera. Hicimos un pacto.
Si alguna vez una de nosotras se metía en problemas y no podía ser contactada, Arturo Vargas sería el código. Además de nosotras dos, nadie más conocía ese nombre. Y Lucía llevaba desaparecida un mes.

#drama #venganza #reddit #relaciones #historiadevenganza #lecturasReddit #venganzaretorna #preguntasReddit #reddit_tiktok #historiasReddit",2026-03-25T19:36:51Z,UCgD6wc5907U8MAMN2QY6XRg,Zorro Stories,20756,0,6,PT36M23S,44700,25.5,815.2,0.03,0.01,2183,Focus: Mistérios Subterrâneos,Estrutura Genérica / Indefinida,Long Form / Storytelling (> 10 min),A Verdade sobre: Estábamos en me...,Por que Estábamos en me mudou tudo... | O Segredo sobre Estábamos  | Eles esconderam isso: Estábamos en | O pior erro de Estábamos en me | Descubra o mistério de Estábamos ,Comece com uma afirmação controversa e uma tela preta rápida por 1s.,Suspense progressivo. Crie loops abertos a cada 2 minutos.,Fundo escuro. Rosto focado borrado com olhos ocultos e Seta vermelha minimalista.,2026-03-26 18:04:33
EzVpwBfN4Uc,"À 16 MOIS, elle a été laissée SEULE pendant 10 Jours (Affaire Jailyn Candelario)","⚠️ Âmes sensibles, cette enquête est particulièrement difficile.

Tout commence par un départ en vacances. Kristel décide de s'envoler pour Porto Rico, laissant derrière elle sa maison de Cleveland. Mais à son retour, 10 jours plus tard, la réalité qu'elle retrouve va déclencher une onde de choc mondiale et une enquête qui marquera à jamais les services de police de l'Ohio.

Si cette affaire révèle la face la plus sombre de l'être humain, elle rappelle aussi l'importance de la vigilance collective. Si vous craignez pour la sécurité d'un enfant ou si vous avez besoin de soutien pour ne pas commettre l'irréparable :

➡️ Enfance en Danger : 119
➡️ Prévention S*ic*de / Détresse : 3114

👉 Retrouvez-moi sur Instagram : https://www.instagram.com/dark_storiesbyc/
👉 Retrouvez-moi sur Facebook : https://www.facebook.com/darkstoriesbyc
🛍️ La boutique : https://urlr.me/vSmeq7

Chapitres : 
Introduction 00:00
Qui est Kristel Candelario 01:21
L'enquête 07:17
La terrible vérité 12:49
Le drame 14:56
⚠️ Contenu sensible 15:17
✔️ Fin du contenu sensible 20:09
Procès 21:23

Vous préférez écouter en podcast ? Bonne nouvelle, tous les épisodes sont désormais disponibles sur Spotify 👉open.spotify.com/show/4W2rgSsxvXylORKRHZ6KaX

Si vous voulez soumettre un sujet 👉 https://forms.gle/JeCKRzajfNHAnPU66

📺 Voir d'autres vidéos :
https://youtu.be/uM9mi5Nkm6Q
https://youtu.be/DjozfPLGcR8
https://youtu.be/e-qaU5miRho
https://youtu.be/tmqDhwYa2dk
https://youtu.be/843RjZPNP3o
https://youtu.be/J4G8pOU_6x4
https://youtu.be/A_XcSKPNoeM

Sources principales : 

https://www.wkyc.com/article/news/local/cleveland/cleveland-woman-charged-murder-leaving-16-month-old-daughter-alone-more-than-a-week/95-ade984a4-fe63-4e04-bfc9-bf809ad77318 
https://www.ccprosecutor.us/kristel-candelario-sentenced-on-murder-charge-for-leaving-her-16-month-old-daughter-alone-and-unattended-for-more-than-a-week-while-on-vacation/ 
https://www.nbcnewyork.com/news/national-international/cleveland-mom-charged-with-murder-after-baby-is-left-home-alone-for-10-days-and-dies/4448241/ 
https://www.youtube.com/watch?v=3eriZZH8U2E&pp=ygURSmFpbHluIENhbmRlbGFyaW8%3D 
https://edition.cnn.com/2024/03/20/us/ohio-mom-toddler-death-sentencing-cec 
https://www.nbcnews.com/news/latino/ohio-mother-death-toddler-left-alone-vacation-rcna144461 
https://www.theguardian.com/us-news/2024/mar/19/ohio-woman-life-prison-toddler-starved-vacation 
https://www.theguardian.com/us-news/2024/mar/19/ohio-woman-life-prison-toddler-starved-vacation 
https://www.youtube.com/watch?v=OUJLhw1bVU0&pp=ygURSmFpbHluIENhbmRlbGFyaW8%3D 
https://www.youtube.com/watch?v=3eriZZH8U2E",2026-03-25T17:00:00Z,UCIF7nDH-iyu97hlqh4QAC6g,Dark Stories | True Crime en français,11513,1435,280,PT33M57S,39500,28.1,410.1,14.9,1.55,2037,Focus: Mistérios Subterrâneos,Estrutura Genérica / Indefinida,Long Form / Storytelling (> 10 min),"A Verdade sobre: À 16 MOIS, elle...","Por que À 16 MOIS, elle mudou tudo... | O Segredo sobre À 16 MOIS, | Eles esconderam isso: À 16 MOIS, e | O pior erro de À 16 MOIS, elle | Descubra o mistério de À 16 MOIS,",Comece com uma afirmação controversa e uma tela preta rápida por 1s.,Suspense progressivo. Crie loops abertos a cada 2 minutos.,Fundo escuro. Rosto focado borrado com olhos ocultos e Seta vermelha minimalista.,2026-03-26 18:04:33
UMy_qemO8Rc,Scariest Things Hidden In Normal Photos | Part#21 #mystery  #horror #horror #scary #creepy,"Scariest Things Hidden In Normal Photos | Part#21 #mystery  #horror 
99% Will FAIL This Horror Challenge! 👁️ Part 21 #shorts
​Description:
​Something is watching you from the shadows... and most people are too blind to see it. 🌑
​In Part 21 of our mystery series, we found a photo that shouldn't exist. There is a ""Ghost"" hidden in plain sight, but only those with a dark intuition can spot it. 🕵️‍♂️
​THE CHALLENGE: #horror #scary #creepy  1. Watch closely (Every second counts).
2. Find the entity.
3. Comment the exact timestamp if you dare.
​Can you beat the 100$ challenge momentum? Don't look behind you... 👵🔪
​#horror #scary #mystery #StrangeSpot #hiddenghost #creepypasta #paranormal #shorts",2026-03-25T18:30:40Z,UCmvhfihvqn0CAiJ8IFi9Iow,Strange Spot,158523,6461,199,PT19S,23300,26.6,5967.5,4.2,10.76,19,Focus: Mistérios Subterrâneos,Mistério / True Crime,Shorts/Tiktok (< 1 min),A Verdade sobre: Scariest Things...,Por que Scariest Things mudou tudo... | O Segredo sobre Scariest T | Eles esconderam isso: Scariest Thi | O pior erro de Scariest Things | Descubra o mistério de Scariest T,Comece com uma afirmação controversa e uma tela preta rápida por 1s.,Suspense progressivo. Crie loops abertos a cada 2 minutos.,Fundo escuro. Rosto focado borrado com olhos ocultos e Seta vermelha minimalista.,2026-03-26 18:04:33
oMYnSrAih2A,चूहों ने खोला खौफनाक मर्डर का राज 😱 | दिल दहला देने वाली सच्ची घटना | Crime Patrol New Episode,"Watch Dark Justice Latest Episode 2026 (Thriller, Mystery, True Crime & Police Investigation)

Dark Justice new episode 2026, Real crime stories investigation 2026, True crime thriller series 2026, Crime investigation show latest episode, Real crime case documentary, Hindi crime thriller series 2026, Police investigation story latest, Mystery crime case episode, True crime series inspired by real events, Suspense crime show 2026

#DarkJustice #CrimeSeries #TrueCrime #CrimeInvestigation #MysteryCase #CrimeStory #PoliceInvestigation #ThrillerSeries #RealCrime #UnsolvedMystery #CrimeAlert #CrimeWorld #TrueStories #HindiCrimeSeries

-Welcome to Dark Justice the home of thrilling crime stories, shocking investigations, and mysterious real-life inspired cases.
Our channel brings you intense crime episodes filled with suspense, investigation, and justice.

Watch powerful crime stories that reveal how investigators uncover the truth behind dangerous criminals and mysterious incidents.
If you enjoy **thriller, mystery, police investigation, and true crime stories this channel is perfect for you.

About Dark Justice 

Dark Justice is a crime investigation series that highlights mysterious crimes and the efforts of investigators to uncover the truth.
Many crimes happen unexpectedly and sometimes involve people close to the victim.

Our goal is to present these stories in a gripping format to raise awareness and keep viewers engaged with intense crime storytelling.

---

📺 Full Episode Available Now

Subscribe for more thrilling crime investigations and true crime stories.

© Culver Max Entertainment Private Limited.",2026-03-25T06:45:01Z,UCb8PotCJxw69Pg4i_yLw13w,Dark Justice,32129,157,1,PT39M28S,2070,38.3,838.3,0.49,1.99,2368,Focus: Mistérios Subterrâneos,Estrutura Genérica / Indefinida,Long Form / Storytelling (> 10 min),A Verdade sobre: चूहों ने खोला ख...,Por que चूहों ने खोला ख mudou tudo... | O Segredo sobre चूहों ने ख | Eles esconderam isso: चूहों ने खोल | O pior erro de चूहों ने खोला ख | Descubra o mistério de चूहों ने ख,Comece com uma afirmação controversa e uma tela preta rápida por 1s.,Suspense progressivo. Crie loops abertos a cada 2 minutos.,Fundo escuro. Rosto focado borrado com olhos ocultos e Seta vermelha minimalista.,2026-03-26 18:04:33
ydcZ-rk4PSE,Gut Health Explained: How Your Digestive System Impacts Overall Wellness (education purpose only),"Discover the importance of gut health and how your digestive system plays a vital role in overall wellness. In this educational video, we explain how the gut works, its connection to immunity, and simple lifestyle tips to support a healthy digestive system.
Learn how balanced nutrition, hydration, and daily habits can improve digestion and support long-term health. This content is created for educational purposes and is suitable for all audiences.",2026-03-26T15:04:59Z,UCkcseG_9Wqn44XwNcu-cOOA,doctor ai,75029,606,1,PT7S,13900,6.0,12520.6,0.81,7.29,7,Focus: Curiosidades / Listas,Explanations / Como/Por que,Shorts/Tiktok (< 1 min),A Verdade sobre: Gut Health Expl...,Por que Gut Health Expl mudou tudo... | O Segredo sobre Gut Health | Eles esconderam isso: Gut Health E | O pior erro de Gut Health Expl | Descubra o mistério de Gut Health,Comece com uma afirmação controversa e uma tela preta rápida por 1s.,Suspense progressivo. Crie loops abertos a cada 2 minutos.,Fundo escuro. Rosto focado borrado com olhos ocultos e Seta vermelha minimalista.,2026-03-26 18:04:33
WBn3ljqrovo,Israel–Iran Gas Field Strike Explained | South Pars Tension #facts,"Israel’s reported strike near Iran’s South Pars gas field has raised serious global attention. This massive gas reserve, shared between Iran and Qatar, plays a key role in energy supply. The situation highlights rising tensions in the region and its possible impact on global energy security. Stay informed with clear and concise breakdowns of major international developments.
#IsraelIran #SouthPars #GasField #MiddleEastTension #EnergyCrisis #GlobalNews #BreakingNews #Geopolitics #IranNews #IsraelNews #QatarGas #EnergySecurity",2026-03-26T15:49:24Z,UCFWOEjN4JulSK8cy_7booHw,Daily Fact Zone,17422,443,6,PT35S,10400,5.3,3317.1,2.58,8.22,35,Focus: True Crime / Explicativos,Explanations / Como/Por que,Shorts/Tiktok (< 1 min),A Verdade sobre: Israel–Iran Gas...,Por que Israel–Iran Gas mudou tudo... | O Segredo sobre Israel–Ira | Eles esconderam isso: Israel–Iran  | O pior erro de Israel–Iran Gas | Descubra o mistério de Israel–Ira,Comece com uma afirmação controversa e uma tela preta rápida por 1s.,Suspense progressivo. Crie loops abertos a cada 2 minutos.,Fundo escuro. Rosto focado borrado com olhos ocultos e Seta vermelha minimalista.,2026-03-26 18:04:33
mH3ijY2LpXw,4 Cases So Disturbing Most People Can’t Finish Them | True Crime Documentary,"What turns an ordinary person into a serial killer? Across history, certain crimes have been so brutal they’ve stunned entire nations and reshaped our understanding of human violence. In this documentary, we explore some of the most disturbing cases ever recorded—examining the evidence, the investigations, and the chilling psychology behind those responsible.

The series focuses on serial k*llers who are lesser-known to the mainstream, though some may be familiar to true crime enthusiasts. Viewer discretion is advised.

👍 Don't forget to like, subscribe, and hit the bell icon for more chilling true crime stories and all things terrifying!

🔥 Become a channel member https://www.youtube.com/channel/UCkD3aV0QeKTbOLOu0_HCERQ/join

00:00 Milton Sipalo – Zambia’s Lusaka Str*ngler  
18:15 William MacDonald – The Sydney “M*tilator”  
34:58 Duan Guocheng – Red Dress K*ller Sparks Nationwide Fear  
51:54 Anthony Sully – Cop Turned K*ller Who Hid Bodies in Drums  

#truecrime #serialkillers #truecrimedocumentary #crimedocumentary #truecrimestories #criminalpsychology #coldcase #unsolvedmysteries

All content on this channel is the intellectual property of RawImmersionStories. Unauthorized copying or redistribution is strictly prohibited.",2026-03-25T21:43:28Z,UCkD3aV0QeKTbOLOu0_HCERQ,RawImmersionStories,12921,343,11,PT1H8M26S,44900,23.4,553.3,2.74,0.34,4106,Focus: Mistérios Subterrâneos,Estrutura Genérica / Indefinida,Long Form / Storytelling (> 10 min),A Verdade sobre: 4 Cases So Dist...,Por que 4 Cases So Dist mudou tudo... | O Segredo sobre 4 Cases So | Eles esconderam isso: 4 Cases So D | O pior erro de 4 Cases So Dist | Descubra o mistério de 4 Cases So,Comece com uma afirmação controversa e uma tela preta rápida por 1s.,Suspense progressivo. Crie loops abertos a cada 2 minutos.,Fundo escuro. Rosto focado borrado com olhos ocultos e Seta vermelha minimalista.,2026-03-26 18:04:33
2cSYVuky-8g,Zootopia Nice StickerArt #huntrix #zootopia #mystery #stickerart #shrots,,2026-03-25T17:58:40Z,UCoRyLaagf86Shpf_DuCcj9A,Sticker Art ,14900,55,1,PT16S,6060,27.1,549.9,0.38,0.34,16,Focus: Mistérios Subterrâneos,Mistério / True Crime,Shorts/Tiktok (< 1 min),A Verdade sobre: Zootopia Nice S...,Por que Zootopia Nice S mudou tudo... | O Segredo sobre Zootopia N | Eles esconderam isso: Zootopia Nic | O pior erro de Zootopia Nice S | Descubra o mistério de Zootopia N,Comece com uma afirmação controversa e uma tela preta rápida por 1s.,Suspense progressivo. Crie loops abertos a cada 2 minutos.,Fundo escuro. Rosto focado borrado com olhos ocultos e Seta vermelha minimalista.,2026-03-26 18:04:33
YoxmfyWwb_U,Zoey and Mystery are playing Roblox 😍😱  every second +10 speed,#roblox #robloxobby,2026-03-25T14:12:35Z,UCboHdm1Is3-MbfylOBWLUog,BELMAR ROB,23243,217,0,PT22S,5160,30.9,753.0,0.93,1.36,22,Focus: Mistérios Subterrâneos,Mistério / True Crime,Shorts/Tiktok (< 1 min),A Verdade sobre: Zoey and Myster...,Por que Zoey and Myster mudou tudo... | O Segredo sobre Zoey and M | Eles esconderam isso: Zoey and Mys | O pior erro de Zoey and Myster | Descubra o mistério de Zoey and M,Comece com uma afirmação controversa e uma tela preta rápida por 1s.,Suspense progressivo. Crie loops abertos a cada 2 minutos.,Fundo escuro. Rosto focado borrado com olhos ocultos e Seta vermelha minimalista.,2026-03-26 18:04:33
n3Tg3MLGqg8,top 10 animais mais buRus q vc,"Seja membro do canal e ganhe benefícios eheh:
https://www.youtube.com/channel/UCF2ebq0pJiLlXayX-EwN6PQ/join

ficha:
edição:foxy
thumb:foxy
desenhos:foxy e algumas imagens da internet
roteiro:foxy

programas usados:
animação/desenho: firealpaca e vegas
edição: vegas pro 16
thumb: photoshop
roteiro: notion

não clica aqui: https://discord.com/invite/MXHw6vKMU7

#animação #vtuber",2026-03-24T23:30:40Z,UCF2ebq0pJiLlXayX-EwN6PQ,uma raposa comum,22956,499,29,PT11S,5160,45.6,503.8,2.3,2.25,11,Focus: Mistérios Subterrâneos,Top 10 / Listas,Shorts/Tiktok (< 1 min),A Verdade sobre: top 10 animais ...,Por que top 10 animais  mudou tudo... | O Segredo sobre top 10 ani | Eles esconderam isso: top 10 anima | O pior erro de top 10 animais  | Descubra o mistério de top 10 ani,Comece com uma afirmação controversa e uma tela preta rápida por 1s.,Suspense progressivo. Crie loops abertos a cada 2 minutos.,Fundo escuro. Rosto focado borrado com olhos ocultos e Seta vermelha minimalista.,2026-03-26 18:04:33
3b5nuATVSHQ,Autism explained in Minecraft ⛏️#minecraft #explained #funny #story #explainedinminecraft,"Autism explained in Minecraft

If you want to learn about history, people, countries, inventions and other things please subscribe!

Trying to hit 100,000 subscribers by July 11
1489
#minecraft #explained #funny #story #explainedinminecraft",2026-03-25T20:22:00Z,UCMdILGEs1xG3IuEW1REMzKw,FortyEightFilms,588818,25121,543,PT57S,3100,24.7,23830.2,4.36,334.94,57,Focus: Curiosidades / Listas,Explanations / Como/Por que,Shorts/Tiktok (< 1 min),A Verdade sobre: Autism explaine...,Por que Autism explaine mudou tudo... | O Segredo sobre Autism exp | Eles esconderam isso: Autism expla | O pior erro de Autism explaine | Descubra o mistério de Autism exp,Comece com uma afirmação controversa e uma tela preta rápida por 1s.,Suspense progressivo. Crie loops abertos a cada 2 minutos.,Fundo escuro. Rosto focado borrado com olhos ocultos e Seta vermelha minimalista.,2026-03-26 18:04:33
7gtPhv3E1-Y,Infosys Power Programmer Hiring Explained | Mock Questions Solved,"Preparing for the Infosys Power Programmer hiring exam or exploring the Specialist Programmer career path at Infosys?

In this AI first deep dive, Harsh Choudhary- Specialist Programmer, Infosys explains the end to end career journey for Specialist Programmers, covering growth pathways, role progression, and the career enablers that help engineers build deep technical expertise in an AI first ecosystem.

The video also breaks down the Infosys Power Programmer exam, including:
• The different types of questions asked in the hiring test
• What each question evaluates (logic, problem solving, coding depth)
• How to approach and solve Easy and Hard mock questions effectively
• Practical tips to think like a Power Programmer at Infosys

Whether you’re preparing for the Infosys coding exam, looking to crack Power Programmer mock questions, or evaluating a high impact AI driven tech career, this video gives you real, first hand insights from someone building solutions at scale.

If you want to grow as a Specialist Programmer, work on AI first, high impact problems, and build a long term tech career at Infosys—this is where your preparation starts.",2026-03-26T05:28:42Z,UCypQjdd_Mz0yX7M7rekN4Bw,Infosys,29548,365,18,PT15M33S,84600,15.6,1894.4,1.3,0.29,933,Focus: Curiosidades / Listas,Mistério / True Crime,Long Form / Storytelling (> 10 min),A Verdade sobre: Infosys Power P...,Por que Infosys Power P mudou tudo... | O Segredo sobre Infosys Po | Eles esconderam isso: Infosys Powe | O pior erro de Infosys Power P | Descubra o mistério de Infosys Po,Comece com uma afirmação controversa e uma tela preta rápida por 1s.,Suspense progressivo. Crie loops abertos a cada 2 minutos.,Fundo escuro. Rosto focado borrado com olhos ocultos e Seta vermelha minimalista.,2026-03-26 18:04:33
Vx3R5vcqv2E,48 Mystery Full Episode 2025 💥💥Mojave Mystery💥💥 Murder Documentary Full HD,"48 Mystery Full Episode 2025 💥💥Mojave Mystery💥💥 Murder Documentary Full HD 
48 Mystery Full Episodes 2025 🚔 🚔 Best American Documentary True Crime 1080HD
#48Hours
#48HoursFullEpisode
#48HoursFullSeason
#48Mystery
#48MysteryFullEpisode
#48MysteryFullSeason",2026-03-25T11:00:06Z,UCbSUR7MeQHlYf4N3dcJFmeg,Hezd,20074,211,14,PT2H45M56S,10500,34.1,589.1,1.12,0.63,9956,Focus: Mistérios Subterrâneos,Mistério / True Crime,Long Form / Storytelling (> 10 min),A Verdade sobre: 48 Mystery Full...,Por que 48 Mystery Full mudou tudo... | O Segredo sobre 48 Mystery | Eles esconderam isso: 48 Mystery F | O pior erro de 48 Mystery Full | Descubra o mistério de 48 Mystery,Comece com uma afirmação controversa e uma tela preta rápida por 1s.,Suspense progressivo. Crie loops abertos a cada 2 minutos.,Fundo escuro. Rosto focado borrado com olhos ocultos e Seta vermelha minimalista.,2026-03-26 18:04:33
5_725oXte0w,Top 10 Most Valuable Nations in the world 🌍💸 || #shorts #football #edit #viral,"#shorts #football #footballshorts #soccer #soccershorts #footballedits #edit #editing #valuable #nations #fifaworldcup2026 #worldcup #ronaldo #portugalfootballteam #argentinafootball #francefootball #spainfootball #mbappe #messi #neymar #brazilianfootball #lamineyamal #fifaworldcup #top10 #explore #foryou #fyp #fypシ゚viral #trending #trendingshorts #viral #viralvideo #viralshorts #ytshorts 


ignore this tags:-

Top 10 most valuable Nations in the world, Top 10 most valuable countries in fifa world cup 2026, Best team in world cup 2026.",2026-03-26T11:20:18Z,UCdrUcp8sPy7G9f1mOwikdAg,Rono7clutch,19376,1057,40,PT34S,32500,9.7,1989.9,5.66,3.47,34,Focus: Mistérios Subterrâneos,Top 10 / Listas,Shorts/Tiktok (< 1 min),A Verdade sobre: Top 10 Most Val...,Por que Top 10 Most Val mudou tudo... | O Segredo sobre Top 10 Mos | Eles esconderam isso: Top 10 Most  | O pior erro de Top 10 Most Val | Descubra o mistério de Top 10 Mos,Comece com uma afirmação controversa e uma tela preta rápida por 1s.,Suspense progressivo. Crie loops abertos a cada 2 minutos.,Fundo escuro. Rosto focado borrado com olhos ocultos e Seta vermelha minimalista.,2026-03-26 18:04:33
0irhQSVFh7w,Baby Inside a Baby? | Fetus in Fetu | The Rarest Medical Mystery Ever 😨,"What if a baby is born… with another baby inside?
This rare medical condition is called Fetus in Fetu — one of the strangest and rarest phenomena in medical history. Doctors discovered a mysterious mass growing inside a newborn… but what they found shocked everyone.
This cinematic documentary explores: • Baby inside baby phenomenon
• Rare medical mystery
• Fetus in fetu explained
• Real medical cases
• Scientific explanation
Some medical mysteries sound like science fiction… but this one is completely real.
Watch till the end for the shocking reveal


Subscribe for more unbelievable medical mysteries and scientific facts.


#FetusInFetu
#MedicalMystery
#RareMedicalCondition
#ScienceFacts
#MedicalFacts
#UnbelievableFacts
#HumanBodyFacts
#DocumentaryShorts
#MedicalDocumentary
#ScienceMystery
#StrangeMedicalCases
#RareBirth
#DidYouKnow
#ScienceShorts
#ValiTrendy



fetus in fetu
baby inside baby
rare medical condition
medical mystery
rare birth case
science documentary
medical facts
human body facts
science facts
rare medical case
documentary shorts
unbelievable facts
medical documentary
rare disease
strange medical condition",2026-03-25T13:19:09Z,UCdTLtImrMrZuXsfS0x6IuEQ,VALI TRENDY ,18770,0,4,PT41S,1430,31.8,591.1,0.02,0.09,41,Focus: Mistérios Subterrâneos,Mistério / True Crime,Shorts/Tiktok (< 1 min),A Verdade sobre: Baby Inside a B...,Por que Baby Inside a B mudou tudo... | O Segredo sobre Baby Insid | Eles esconderam isso: Baby Inside  | O pior erro de Baby Inside a B | Descubra o mistério de Baby Insid,Comece com uma afirmação controversa e uma tela preta rápida por 1s.,Suspense progressivo. Crie loops abertos a cada 2 minutos.,Fundo escuro. Rosto focado borrado com olhos ocultos e Seta vermelha minimalista.,2026-03-26 18:04:33
lTeEOUgYi08,Sci-Fi Short Film | Escaping Earth,"A mysterious being is captured inside a secret Area 51 facility 🛸. A brave man risks everything to help her escape… but gets left behind 😔. When she returns, she makes the ultimate decision—coming back for him and taking him beyond this world 🌌✨. A story of sacrifice, trust, and an unforgettable journey beyond Earth 🚀👽 #SciFi #Area51 #Aliens #ShortFilm #Mystery #newscifi #newfilm #scifishortfilm #aliens",2026-03-25T13:51:19Z,UCEf1-0654ezD-3CpHnLOFGg,𝔸𝕤𝕥𝕣𝕠𝕕𝕦𝕤𝕥,15150,802,86,PT19M48S,5850,31.2,485.3,5.86,4.86,1188,Focus: Mistérios Subterrâneos,Estrutura Genérica / Indefinida,Long Form / Storytelling (> 10 min),A Verdade sobre: Sci-Fi Short Fi...,Por que Sci-Fi Short Fi mudou tudo... | O Segredo sobre Sci-Fi Sho | Eles esconderam isso: Sci-Fi Short | O pior erro de Sci-Fi Short Fi | Descubra o mistério de Sci-Fi Sho,Comece com uma afirmação controversa e uma tela preta rápida por 1s.,Suspense progressivo. Crie loops abertos a cada 2 minutos.,Fundo escuro. Rosto focado borrado com olhos ocultos e Seta vermelha minimalista.,2026-03-26 18:04:33
gYUSUPqI1p4,"THE LONG DARK - WINTERMUTE, Episode Five - Story Teaser: ""Mackenzie and Jace Plot an Escape""","On the run from Mathis' convicts, Mackenzie and Jace discover the meaning of, ""out of the frying pan and into the fire"".

***EPISODE FIVE Launches March 31st, 2026.***

Subscribe for more: http://bit.ly/1Rmc07R

WISHLIST BLACKFROST, THE LONG DARK 2: https://store.steampowered.com/app/1586260/BLACKFROST_The_Long_Dark_2/

⏬ WHERE TO BUY THE LONG DARK ⏬

https://www.thelongdark.com

Steam: https://store.steampowered.com/app/305620/The_Long_Dark/
PlayStation: https://www.playstation.com/en-ca/games/the-long-dark/
Xbox: https://www.xbox.com/en-US/games/store/the-long-dark/c41zdfq82m1g
Switch: https://www.nintendo.com/us/store/products/the-long-dark-switch/

FOR MORE INFORMATION
• Join the Community: https://hinterlandforums.com/forums/
• Subscribe to our newsletter: https://www.thelongdark.com/newsletter
• Contact our Support Team: https://www.hinterland.com/support

FOLLOW US ON SOCIAL
* Hinterland: @hinterland.bsky.social
* The Long Dark: @thelongdark.bsky.social

ABOUT THE LONG DARK
Imagine the lights go out, never to return. Bright aurora flare across the sky, and all humanity’s technological might is laid to waste, neutralized in a kind of quiet apocalypse. Everything that has shielded humanity from the disinterested power of Mother Nature is suddenly wrenched from us, dropping us a few links down the food chain. Food and water are scarce. The roads are no longer safe. And winter approaches… 

Welcome to The Long Dark —an immersive survival simulation set in the aftermath of a geomagnetic disaster. Experience a unique first-person survival simulation that will force you to think and push you to your limits with its thought-provoking gameplay.",2026-03-25T21:07:11Z,UCUH0Ek73AFT3yVCh80_b8dg,Hinterland,20606,2497,261,PT3M8S,80200,24.0,860.2,13.38,1.44,188,Focus: Mistérios Subterrâneos,Estrutura Genérica / Indefinida,Medium Form (1-10 min),A Verdade sobre: THE LONG DARK -...,Por que THE LONG DARK - mudou tudo... | O Segredo sobre THE LONG D | Eles esconderam isso: THE LONG DAR | O pior erro de THE LONG DARK - | Descubra o mistério de THE LONG D,Comece com uma afirmação controversa e uma tela preta rápida por 1s.,Suspense progressivo. Crie loops abertos a cada 2 minutos.,Fundo escuro. Rosto focado borrado com olhos ocultos e Seta vermelha minimalista.,2026-03-26 18:04:33
8m_T-4WjuTs,Monalisa Murder Mystery: Truth Behind Viral Star’s Shocking Death,"Monalisa Murder Mystery: Truth Behind Viral Star’s Shocking Death

The Monalisa case has shocked the entire nation, raising serious questions about trust, relationships, and the dark side of viral fame. Once known as a rising social media personality, Monalisa’s sudden and mysterious death has left everyone stunned. What really happened behind the scenes? Was it just a tragic incident, or is there a deeper conspiracy waiting to be uncovered?
In this video, we break down the full Monalisa crime story in detail. From her journey to becoming a viral sensation to the shocking twist involving her husband Farmaan, every aspect of this case is analyzed carefully. Reports suggest that things were not as perfect as they appeared on social media. Hidden tensions, possible secrets, and unexpected revelations have turned this case into a full-fledged mystery.
We explore key questions like: What was the real relationship between Monalisa and Farmaan? Were there warning signs that people ignored? And most importantly, what led to such a tragic end? This case is not just about one individual—it reflects the darker realities behind online fame and personal relationships.
The Monalisa death mystery has now become one of the most चर्चित crime stories, with people across the country trying to uncover the truth. Through this video, we aim to present all the available information in a simple and engaging way so viewers can understand the situation clearly and form their own opinions.
If you are interested in real-life crime stories, hidden truths, and shocking revelations, then this video is for you. Stay till the end as we uncover facts, theories, and possibilities surrounding this case.

Monalisa case full story
Monalisa murder mystery
Viral star Monalisa death
Monalisa husband Farmaan truth
Monalisa crime case explained
Social media star murder case
Monalisa viral girl story
Latest crime story India
Monalisa case analysis
Real crime stories Hindi
Monalisa death reason
Farmaan Monalisa case truth
Trending crime news India
Viral girl mystery case
True crime story Monalisa

What do you think about this shocking case? Do you believe it was a planned crime or just a tragic incident?
👉 Comment your opinion below!
👍 Like this video if you want more such crime stories
🔔 Subscribe to the channel for daily वायरल and mysterious content

#MonalisaCase #CrimeStory #TrueCrime #ViralNews #MysteryCase
#CrimeAnalysis #BreakingNews #IndianCrime #DarkTruth #RealStory

monalisa case
monalisa murder mystery
 viral girl case
farmaan monalisa
monalisa death
crime story india
 true crime hindi
 viral news india
mystery case india
 social media crime
 latest crime news
 monalisa viral story
 crime analysis video
indian crime stories
 shocking case",2026-03-25T06:50:15Z,UCaKn3Ffo0PPnesgxOO9Jxzw,Kahani Adda,24002,199,6,PT15M42S,22900,38.2,627.7,0.85,0.23,942,Focus: Mistérios Subterrâneos,Mistério / True Crime,Long Form / Storytelling (> 10 min),A Verdade sobre: Monalisa Murder...,Por que Monalisa Murder mudou tudo... | O Segredo sobre Monalisa M | Eles esconderam isso: Monalisa Mur | O pior erro de Monalisa Murder | Descubra o mistério de Monalisa M,Comece com uma afirmação controversa e uma tela preta rápida por 1s.,Suspense progressivo. Crie loops abertos a cada 2 minutos.,Fundo escuro. Rosto focado borrado com olhos ocultos e Seta vermelha minimalista.,2026-03-26 18:04:33
BhzPjGiBjMk,Everything about HVDC - Explained by an Engineer - Introduction,"HVDC is powering some of the most ambitious energy projects on Earth — from interconnectors between countries to proposals linking entire continents. But why do we use DC instead of AC for these ultra-long connections?

In this video, I break down how HVDC actually works — from the physics of AC vs DC, to the limitations of cables, and why effects like capacitive charging currents, the Ferranti effect, and skin effect make AC unsuitable for long-distance subsea transmission.

We then dive into converter technology, explaining:

How LCC (thyristor-based) systems operate
How VSC (IGBT-based) systems build waveforms using modular multilevel converters (MMC)
What submodules, capacitors, and valve stacks actually do
Why thousands of semiconductors are used instead of just a few

We’ll also compare LCC vs VSC, explore power control, black start capability, harmonics, ripple frequency, and why HVDC enables asynchronous interconnection between grids.

By the end, you’ll understand:

Why HVAC cables are limited to ~100 km
How HVDC overcomes those limits
Where each technology is used today — and what’s coming next

If you’re interested in power systems, grid engineering, or the future of global energy infrastructure, this is everything you need to know for a moderately in depth overview and there's more videos to come so get subscribed!

Links:
Patreon: www.patreon.com/TheElectricBrit
Website: www.electricbrit.co.uk
Store: https://shop.electricbrit.co.uk/

Chapters:
0:00 Intro
2:36 History of DC
5:10 Physics Recap
5:53 Skin Effect
7:50 Capacitive Charging Currents
10:23 Ferranti Effect
11:33 Asynchronous Interconnection
13:51 Power Flows
14:56 Converter Configurations
16:30 Dynamic Power
17:00 LCC Explained
19:30 VSC Explained
23:03 LCC Bridges
25:55 Harmonics
27:22 12 Pulse Bridge
29:26 LCC vs VSC
33:55 Cost and Projects
36:30 Conclusion
37:46 Out Takes
41:20 Cat Takes

Corrections:
9:25 In the formula, the letter V should actually be U, meaning RMS Voltage. V is the unit of measurement so I was inconsistent here in making the formula. f for frequency can also be substituted for ω for angular frequency.",2026-03-25T18:00:00Z,UCnOW3Q-L-NG-wV1CWRA0bag,The Electric Brit,24348,1507,187,PT43M56S,20000,27.1,899.3,6.96,3.13,2636,Focus: Curiosidades / Listas,Explanations / Como/Por que,Long Form / Storytelling (> 10 min),A Verdade sobre: Everything abou...,Por que Everything abou mudou tudo... | O Segredo sobre Everything | Eles esconderam isso: Everything a | O pior erro de Everything abou | Descubra o mistério de Everything,Comece com uma afirmação controversa e uma tela preta rápida por 1s.,Suspense progressivo. Crie loops abertos a cada 2 minutos.,Fundo escuro. Rosto focado borrado com olhos ocultos e Seta vermelha minimalista.,2026-03-26 18:04:33
oKqUvJRZBf0,Wounds of Darkness: The Story of Hussein and Soraya Under the Shadow of Hujjat's Cruelty**,"*Hosseyn, who has no concept of oppression and injustice, looks at his mother each day with eyes full of fear and hopelessness, realizing that she is no longer able to protect him from Hojjat. He hears his mother's nightly cries and feels her pain, grasping only a sense of helplessness and vulnerability in a merciless adult world.**

**Despite all her struggles, Soraya wakes up each day hoping for a fresh new morning. She teaches Hosseyn that one must always hold on to hope in life, even when circumstances are heavily against them. But when Hojjat storms into the house with an angry face and threatens them, everything transforms into fear and despair. Family relationships unravel, and the love that once guided their home is replaced by endless pain and suffering.**

**The story of Hosseyn and Soraya reflects a society where love and compassion have reached their lowest point, and cruelty and corruption are taking root. This narrative is not just the tale of one family, but a representation of the emotions and harsh experiences that many people may face in their lives.**
1. #Hope 2. #Family_Love 3. #Fight_for_Freedom 4. #Life_Story 5. #Hardship 6. #Motherly_Power 7. #Oppression 8. #Friendship 9. #Rescue_from_Hardship 10. #Persistence
#Rustic echo2#HOSSEIN#Hojjat#nomdic life #peren original #Taybeh#love #family",2026-03-25T16:30:18Z,UC-C9dTt014k-ZQEL4uJKfPA,HOSSEIN,14177,931,63,PT50M1S,26700,28.6,496.2,7.01,1.3,3001,Focus: Mistérios Subterrâneos,Estrutura Genérica / Indefinida,Long Form / Storytelling (> 10 min),A Verdade sobre: Wounds of Darkn...,Por que Wounds of Darkn mudou tudo... | O Segredo sobre Wounds of  | Eles esconderam isso: Wounds of Da | O pior erro de Wounds of Darkn | Descubra o mistério de Wounds of ,Comece com uma afirmação controversa e uma tela preta rápida por 1s.,Suspense progressivo. Crie loops abertos a cada 2 minutos.,Fundo escuro. Rosto focado borrado com olhos ocultos e Seta vermelha minimalista.,2026-03-26 18:04:33
ccGVJJpzOGY,#exe #halo #ai #facts,"Krishna Bhajan
Krishna Song
Radhe Krishna Bhajan
Devotional Song
Sri Krishna
Krishna Devotional Song
Radhe Radhe
 Krishna Bhakti Video
Devotional Geet
Hare Krishna Mantra
Krishna Bhajan Shorts
Devotional Ras
New Krishna Bhajan 2025
 Krishna Kirtan
Govinda Bhajan
Lord Krishna Song
Spiritual Songs
Krishna Bhajan by @Bhaktidhara1

🌸 Introduction – @bhaktidhara1

🙏 Jai Shri Krishna 🙏
Welcome to our devotional family @bhaktidhara1
In this video we are presenting a sweet and divine Shri Krishna Bhajan (Krishna Bhajan) that will fill your mind with peace, joy and devotion.
Our objective is that the devotion of Krishna should echo in every home and the love of Krishna should flow in every heart.

---

🎶 Importance of Krishna Bhajan

Krishna is not only a god but also a symbol of love, compassion, friendship and religion.
Listen and sing Krishna Bhajan from:

Mind is calm 🕊️
Love grows in the heart 💖
The soul is holy 🌸
Negativity goes away from life 🙏

That's why we are constantly uploading new Krishna Bhajans, Radhe Krishna Songs, Bhakti Geet and Kirtan on our channel @bhaktidhara1

---

📿 Hare Krishna Mahamantra

👉 *""Hare Krishna Hare Krishna, Krishna Krishna Hare Hare.
Hare Ram Hare Ram, Ram Ram Hare Hare.""*

This Mahamantra is the most powerful mantra in the whole world. Whenever you chant or listen to it, the mind itself becomes calm and love for Krishna rises in the heart.
@bhaktidhara1996 tries to spread the glory of this mantra.

---

🌺 Krishna Stories & Leelas

In his childhood, Krishna delighted everyone by stealing butter.
Kalia killed the snake and gave relief from fear.
He fascinated the Gopis with the sweet sound of the bansi.
He preached the Srimad Bhagavad Gita to Arjuna in Kurukshetra.

Every time we sing Krishna bhajans, it is not just music but a reminder of these divine leelas.
Through such devotional songs and stories on @bhaktidhara1996, we try to make your heart Krishnamaya.

---

🎼 Our Bhajan Collection @bhaktidhara1996

👉 Krishna Bhajan
👉 Radhe Krishna Bhajan
👉 Govind Naam Sankirtan
👉 Honey Devotion Geet
👉 Hare Krishna Mantra Japa

Each hymn is designed to bring you closer to and closer to the Lord.

---

🌸 Path of Devotion

Bhakti is the easiest way to reach God.
Krishna Bhajan is the main means of this devotion.
When we sing with a true heart, Krishna Himself takes away our sorrows.

@bhaktidhara1996 channel is your companion on this devotional path.


Krishna Bhajan, Krishna Song, Radhe Krishna Bhajan, Bhakti Song 2025, Shri Krishna, Krishna Devotional Song, Radhe Radhe, Krishna Bhakti Video, Bhakti Geet, Hare Krishna Mantra, Krishna Bhajan Shorts, Bhakti Kirta, New Krishna Bhajan, Gogo25 Song, Spiritual Songs, Krishna Bhajan by @bhaktidhara1

🌟 Our Mission – @bhaktidhara1

Our resolve is to flow a stream of Krishna devotion in every home and every heart.
That's why we upload new bhajans, kirtans and Krishna songs every day.

👉 If you like our bhajans please:
✔️ Subscribe to our channel @bhaktidhara1
✔️ Like the video 👍
✔️ Share with friends and family 🙏

 🙏 Conclusion

Krishna Bhajan is not just a song – it is the voice of love, faith and soul.
Every time you say the name of ""Radhe Krishna"", a new light comes into your life.

🌸 Let's sing together:
""Radhe Krishna... Jai Shri Krishna... Hare Krishna.

**Jai Shri Radhe Krishna 🙏 @bhaktidhara1
#Devotion1996
#fxyouedit 
#flyxo
#merchant 
#acting 
#hindudeity 
#hindugoddess 
#spiritualvibes 
#spirituality 
#hindispirituality
#marblemusic
#marriagecentreThis video is entirely AI-generated and created using artificial intelligence tools.
All characters, locations, objects, visuals, and events shown in this video are completely fictional and imaginary.
This content is presented in a cinematic, movie-style dramatic format and is not based on real life.
It does not depict real people, real places, real incidents, or real situations.
The purpose of this video is entertainment only.
It should not be considered as factual, real, educational, financial, or motivational content.
Any resemblance to actual persons (living or dead), events, or locations is purely coincidental.
No harm, misinformation, or false claims are intended.
👉 This video is made only for entertainment purposes.
#shorts
#youtubeshorts
#aivideo
#aianimation
#aistory
#viralshorts
#trending
#shortvideo
#viral
#ainusrat",2026-03-25T07:57:22Z,UCnOTRfh98g_Fz-G0OJHedYA,Ai Mamin,16915,0,2,PT1M5S,6170,37.1,455.7,0.01,0.01,65,Focus: True Crime / Explicativos,AI / Futurismo,Medium Form (1-10 min),A Verdade sobre: #exe #halo #ai ...,Por que #exe #halo #ai  mudou tudo... | O Segredo sobre #exe #halo | Eles esconderam isso: #exe #halo # | O pior erro de #exe #halo #ai  | Descubra o mistério de #exe #halo,Comece com uma afirmação controversa e uma tela preta rápida por 1s.,Suspense progressivo. Crie loops abertos a cada 2 minutos.,Fundo escuro. Rosto focado borrado com olhos ocultos e Seta vermelha minimalista.,2026-03-26 18:04:33
EVUxLcFxweM,#exe #halo #ai #story,"Krishna Bhajan
Krishna Song
Radhe Krishna Bhajan
Devotional Song
Sri Krishna
Krishna Devotional Song
Radhe Radhe
 Krishna Bhakti Video
Devotional Geet
Hare Krishna Mantra
Krishna Bhajan Shorts
Devotional Ras
New Krishna Bhajan 2025
 Krishna Kirtan
Govinda Bhajan
Lord Krishna Song
Spiritual Songs
Krishna Bhajan by @Bhaktidhara1

🌸 Introduction – @bhaktidhara1

🙏 Jai Shri Krishna 🙏
Welcome to our devotional family @bhaktidhara1
In this video we are presenting a sweet and divine Shri Krishna Bhajan (Krishna Bhajan) that will fill your mind with peace, joy and devotion.
Our objective is that the devotion of Krishna should echo in every home and the love of Krishna should flow in every heart.

---

🎶 Importance of Krishna Bhajan

Krishna is not only a god but also a symbol of love, compassion, friendship and religion.
Listen and sing Krishna Bhajan from:

Mind is calm 🕊️
Love grows in the heart 💖
The soul is holy 🌸
Negativity goes away from life 🙏

That's why we are constantly uploading new Krishna Bhajans, Radhe Krishna Songs, Bhakti Geet and Kirtan on our channel @bhaktidhara1

---

📿 Hare Krishna Mahamantra

👉 *""Hare Krishna Hare Krishna, Krishna Krishna Hare Hare.
Hare Ram Hare Ram, Ram Ram Hare Hare.""*

This Mahamantra is the most powerful mantra in the whole world. Whenever you chant or listen to it, the mind itself becomes calm and love for Krishna rises in the heart.
@bhaktidhara1996 tries to spread the glory of this mantra.

---

🌺 Krishna Stories & Leelas

In his childhood, Krishna delighted everyone by stealing butter.
Kalia killed the snake and gave relief from fear.
He fascinated the Gopis with the sweet sound of the bansi.
He preached the Srimad Bhagavad Gita to Arjuna in Kurukshetra.

Every time we sing Krishna bhajans, it is not just music but a reminder of these divine leelas.
Through such devotional songs and stories on @bhaktidhara1996, we try to make your heart Krishnamaya.

---

🎼 Our Bhajan Collection @bhaktidhara1996

👉 Krishna Bhajan
👉 Radhe Krishna Bhajan
👉 Govind Naam Sankirtan
👉 Honey Devotion Geet
👉 Hare Krishna Mantra Japa

Each hymn is designed to bring you closer to and closer to the Lord.

---
Bhakti is the easiest way to reach God.
Krishna Bhajan is the main means of this devotion.
When we sing with a true heart, Krishna Himself takes away our sorrows.

@bhaktidhara1996 channel is your companion on this devotional pathak 
Krishna Bhajan, Krishna Song, Radhe Krishna Bhajan, Bhakti Song 2025, Shri Krishna, Krishna Devotional Song, Radhe Radhe, Krishna Bhakti Video, Bhakti Geet, Hare Krishna Mantra, Krishna Bhajan Shorts, Bhakti Kirta, New Krishna Bhajan, Gogo25 Song, Spiritual Songs, Krishna Bhajan by @bhaktidhara1

🌟 Our Mission – @bhaktidhara1

Our resolve is to flow a stream of Krishna devotion in every home and every heart.
That's why we upload new bhajans, kirtans and Krishna songs every day.

👉 If you like our bhajans please:
✔️ Subscribe to our channel @bhaktidhara1
✔️ Like the video 👍
✔️ Share with friends and family 🙏

 🙏 Conclusion

Krishna Bhajan is not just a song – it is the voice of love, faith and soul.
Every time you say the name of ""Radhe Krishna"", a new light comes into your life.

🌸 Let's sing together:
""Radhe Krishna... Jai Shri Krishna... Hare Krishna.

**Jai Shri Radhe Krishna 🙏 @bhaktidhara1
#Devotion1996
#fxyouedit 
#flyxo
#merchant 
#acting 
#hindudeity 
#hindugoddess 
#spiritualvibes 
#spirituality 
#hindispirituality
#marblemusic
#marriagecentreThis video is entirely AI-generated and created using artificial intelligence tools.
All characters, locations, objects, visuals, and events shown in this video are completely fictional and imaginary.
This content is presented in a cinematic, movie-style dramatic format and is not based on real life.
It does not depict real people, real places, real incidents, or real situations.
The purpose of this video is entertainment only.
It should not be considered as factual, real, educational, financial, or motivational content.
Any resemblance to actual persons (living or dead), events, or locations is purely coincidental.
No harm, misinformation, or false claims are intended.
👉 This video is made only for entertainment purposes",2026-03-25T06:00:15Z,UCm88LNTjmqKtSnJfecGSFQw,TB Motivation ,14503,0,1,PT1M1S,461,39.1,371.2,0.01,0.06,61,Focus: True Crime / Explicativos,AI / Futurismo,Medium Form (1-10 min),A Verdade sobre: #exe #halo #ai ...,Por que #exe #halo #ai  mudou tudo... | O Segredo sobre #exe #halo | Eles esconderam isso: #exe #halo # | O pior erro de #exe #halo #ai  | Descubra o mistério de #exe #halo,Comece com uma afirmação controversa e uma tela preta rápida por 1s.,Suspense progressivo. Crie loops abertos a cada 2 minutos.,Fundo escuro. Rosto focado borrado com olhos ocultos e Seta vermelha minimalista.,2026-03-26 18:04:33
PG6CihC6Fy8,The Dark Origin of Granny’s Pets (Spider & Crow Theory),"----------------------------------------------------

🌎 Social Links:
🔹Instagram: ➛   / https://www.instagram.com/evil.jack4?igsh=MWxnYW5xb2s3a2IwZQ==
---------------------------------------------------- 

Join this channel to get access to perks:
https://www.youtube.com/channel/UCGnbf9nt7k-4pMkT3xRpwpg/join

The Dark Origin of Granny’s Pets (Spider & Crow Theory)

What if I told you that the Spider and Crow in Granny aren’t normal animals at all? 😨 In this video, we explore a dark and creepy theory that these “pets” are actually Granny’s former victims. Two people get lost in the forest and unknowingly enter Granny’s house while asking for help… but instead of escaping, they become part of her nightmare.

Using black magic, Granny transforms them into a spider and a crow, forcing them to protect her house and hide important items. You may have noticed that Granny even feeds them—but why? Because they are still alive, just trapped in another form.

And here’s the scariest part… when you kill one of these pets, Granny goes into rage mode. That’s not just anger—it’s because you broke her supernatural control. In Halloween mode, rats can’t be killed because they are just spirits… but these pets are real bodies under Granny’s control.

So next time you play, remember… you’re not just fighting animals, you’re facing trapped souls. 
Granny’s pets are not normal animals… they are her victims! Watch this creepy theory till the end 👁️‍🗨️ #granny #horrorgame

Keywords/Tags (SEO):
granny game, granny horror game, granny secrets, granny theory, granny pets, spider crow granny, granny dark story, granny hidden secret, granny gameplay, horror game shorts, scary game theory, granny explained, granny backstory, granny mystery, granny viral, yt shorts horror, gaming shorts, horror shorts, creepy games, granny spider, granny crow, granny rage mode, granny halloween mode, scary stories gaming, viral gaming shorts",2026-03-25T08:30:12Z,UCGnbf9nt7k-4pMkT3xRpwpg,Evil Jack,16826,336,0,PT31S,16200,36.6,460.1,2.0,0.57,31,Focus: Mistérios Subterrâneos,Estrutura Genérica / Indefinida,Shorts/Tiktok (< 1 min),A Verdade sobre: The Dark Origin...,Por que The Dark Origin mudou tudo... | O Segredo sobre The Dark O | Eles esconderam isso: The Dark Ori | O pior erro de The Dark Origin | Descubra o mistério de The Dark O,Comece com uma afirmação controversa e uma tela preta rápida por 1s.,Suspense progressivo. Crie loops abertos a cada 2 minutos.,Fundo escuro. Rosto focado borrado com olhos ocultos e Seta vermelha minimalista.,2026-03-26 18:04:33
Jd0OLyHdLZ0,Never Open Your Car Door After This… | urban legend |,"What would you do… if you heard scratching on your car door at night?

A simple drive turned into a nightmare for Kenji and his girlfriend.
An empty road. No lights.
Then—something started scratching from outside…

But the real horror?
It wasn’t just a sound.

This is the terrifying story of The Hookman.

Watch till the end… and decide—
would you open the door?

Like, share, and subscribe for more horror stories.
Comment “hook” if you made it to the end 💀

#horror #scarystory #urbanlegend #hookman #creepy #shorts #viral #story #dark #mystery",2026-03-26T00:20:00Z,UCmJIRKwvfmj6_s5wAgwt5jg,Mindvibe Stories,10839,0,265,PT49S,49300,20.7,522.6,2.44,0.26,49,Focus: Mistérios Subterrâneos,Estrutura Genérica / Indefinida,Shorts/Tiktok (< 1 min),A Verdade sobre: Never Open Your...,Por que Never Open Your mudou tudo... | O Segredo sobre Never Open | Eles esconderam isso: Never Open Y | O pior erro de Never Open Your | Descubra o mistério de Never Open,Comece com uma afirmação controversa e uma tela preta rápida por 1s.,Suspense progressivo. Crie loops abertos a cada 2 minutos.,Fundo escuro. Rosto focado borrado com olhos ocultos e Seta vermelha minimalista.,2026-03-26 18:04:33
-wZaZhP2Tdc,Bought a Thar by Selling Fish! Kindor Joy’s Viral Story | #ai #trending #shorts #shortvideo,"Bought a Thar by Selling Fish! Kindor Joy’s Viral Story | #ai #trending #shorts #shortvideo


What if one small moment could change your entire life? 😱

This is the inspiring story of Kindor Joy, a poor boy who used to sleep all day… until his mother woke him up by throwing a bucket of water! 💧

From that moment, everything changed. 💥
Kindor Joy decided to do something big. He used a JCB to dig a pond, started fish farming 🐟, and worked day and night to sell fish in the market.

His hard work paid off! 💰
From poverty to success, he became rich and fulfilled his dream by buying a Thar for his mother 🚗❤️

This emotional and motivational story will inspire you to never give up, no matter how difficult life gets.

👉 Watch till the end for an amazing transformation!

👉 Don’t forget to LIKE, SHARE & SUBSCRIBE for more powerful stories!
Hashtags:

#KindorJoy #MotivationalStory #SuccessStory #FromPoorToRich #FishFarming #EmotionalStory #HardWorkPaysOff #Inspiration #VillageLife #Thar #ViralStory #Shorts #YouTubeShorts #Trending #Storytime 🚀",2026-03-25T13:30:35Z,UCQI11PwxdV2qc5_NdZhQWiA,Kindor Joy ,18805,0,0,PT1M2S,105,31.6,595.7,0.0,0.0,62,Focus: True Crime / Explicativos,AI / Futurismo,Medium Form (1-10 min),A Verdade sobre: Bought a Thar b...,Por que Bought a Thar b mudou tudo... | O Segredo sobre Bought a T | Eles esconderam isso: Bought a Tha | O pior erro de Bought a Thar b | Descubra o mistério de Bought a T,Comece com uma afirmação controversa e uma tela preta rápida por 1s.,Suspense progressivo. Crie loops abertos a cada 2 minutos.,Fundo escuro. Rosto focado borrado com olhos ocultos e Seta vermelha minimalista.,2026-03-26 18:04:33
xqaFCcGEoS4,ASMR unboxing McDonald’s happy meal mystery crocs #love #cute #crocs #mcdonalds #asmr #fyp #mystery,,2026-03-26T02:56:16Z,UCITK3hustvT2dGKHgDZq1jw,ShitidowhenimboredYT,11707,33,0,PT14S,23400,18.1,645.4,0.28,0.08,14,Focus: Mistérios Subterrâneos,Mistério / True Crime,Shorts/Tiktok (< 1 min),A Verdade sobre: ASMR unboxing M...,Por que ASMR unboxing M mudou tudo... | O Segredo sobre ASMR unbox | Eles esconderam isso: ASMR unboxin | O pior erro de ASMR unboxing M | Descubra o mistério de ASMR unbox,Comece com uma afirmação controversa e uma tela preta rápida por 1s.,Suspense progressivo. Crie loops abertos a cada 2 minutos.,Fundo escuro. Rosto focado borrado com olhos ocultos e Seta vermelha minimalista.,2026-03-26 18:04:33
